Workbook

Sheet تیتر
B1: صندوق سرمایه گذاری املاک و مستغلات خانه آگاه
B2: صورت وضعیت پورتفوی
B3: برای ماه منتهی به 1405/05/31
A5: 1404/04/31 | B5: 1405/05/31
B7: صندوق سرمایه گذاری املاک و مستغلات خانه آگاه
B8: صورت وضعیت درآمدها
B9: برای ماه منتهی به 1405/05/31
A11: طی مرداد ماه | B11: از ابتدای سال مالی تا پایان مرداد ماه 1405

Sheet 0
A22: =تیتر!B1 -> صندوق سرمایه گذاری املاک و مستغلات خانه آگاه
A23: =تیتر!B2 -> صورت وضعیت پورتفوی
A24: =تیتر!B3 -> برای ماه منتهی به 1405/05/31

Sheet سرمایه گذاری ها  
A1: ='0'!A22:J22 -> صندوق سرمایه گذاری املاک و مستغلات خانه آگاه
A2: صورت وضعیت پرتفوی
A3: =تیتر!B3 -> برای ماه منتهی به 1405/05/31
A5: 1- سرمایه گذاری ها
E6: =+تیتر!A5 -> 1404/04/31 | G6: =+تیتر!B5 -> 1405/05/31 | I6: نسبت به کل دارایی ها
A7: شرح | C7: یادداشت
E8: ریال | G8: ریال | I8: درصد
A9: سرمایه گذاری در واحد های املاک | C9: 1-1 | E9: =+'سرمایه گذاری در املاک'!G22 -> 4042942935071 | G9: =+'سرمایه گذاری در املاک'!W22 -> 6957531000000 | I9: =G9/$I$20*100 -> 78.10799
A10: سرمایه گذاری در سهام و حق تقدم سهام | C10: 1-2 | E10: =+'سرمایه گذاری در سهام (2)'!G20 -> 1.7879843e+11 | G10: =+'سرمایه گذاری در سهام (2)'!W20 -> 3.4019888e+11 | I10: =G10/$I$20*100 -> 3.819207
A11: سرمایه گذاری در صندوق های سرمایه گذاری با درآمد ثابت | C11: 1-3 | E11: =+صندوق!G15 -> 9.9444056e+11 | G11: =صندوق!W15 -> 9.5887907e+11 | I11: =G11/$I$20*100 -> 10.764755
A12: سرمایه گذاری در سپرده بانکی و گواهی سپرده | C12: 1-4 | E12: =+سپرده!C13 -> 765430073164 | G12: =+سپرده!I13 -> 38309657579 | I12: =G12/$I$20*100 -> 0.43007934
E13: =SUM(E9:E12) -> 5.981612e+12 | G13: =SUM(G9:G12) -> 8.2949186e+12 | I13: =SUM(I9:I12) -> 93.122031
J14: 0
E15: 765430073164 | G15: 38309657579 | I15: 11
E16: 5216181922744 | G16: 8256608952993 | I16: 15
E17: =SUM(E15:E16) -> 5981611995908 | G17: =SUM(G15:G16) -> 8294918610572
E18: =E13-E17 -> 4.9140625 | G18: =G13-G17 -> 3.4765625 | H18: =H13-H17 -> 0
I20: 8907579129769

Sheet سرمایه گذاری در املاک
A1: =تیتر!B1 -> صندوق سرمایه گذاری املاک و مستغلات خانه آگاه
A2: =تیتر!B2 -> صورت وضعیت پورتفوی
A3: =تیتر!B3 -> برای ماه منتهی به 1405/05/31
A6: ‫1-1- سرمایه گذاری در واحد های املاک و مستغلات
C8: =تیتر!A5 -> 1404/04/31 | I8: ‫تغییرات طی دوره | Q8: =تیتر!B5 -> 1405/05/31
A9: ‫شرکت | C9: ‫تعداد | E9: ‫بهای تمام شده | G9: ‫خالص ارزش فروش | I9: ‫خرید طی دوره | M9: ‫فروش طی دوره | Q9: ‫تعداد | S9: ‫قیمت بازار هر ملک | U9: ‫بهای تمام شده | W9: ‫خالص ارزش فروش | Y9: ‫درصد به کل دارایی ها
I10: ‫تعداد | K10: ‫بهای تمام شده | M10: ‫تعداد | O10: ‫بهای فروش
E11: ریال | G11: ریال | K11: ریال | O11: ریال | S11: ریال | U11: ریال | W11: ریال
A12: آپارتمان مجتمع سعادت آباد به شماره سند 003339 | C12: 1 | E12: 265561400000 | G12: 265561400000 | I12: 0 | K12: 0 | M12: 0 | O12: 0 | Q12: 1 | S12: 0 | U12: 265561400000 | W12: 553372000000 | Y12: =W12/'سرمایه گذاری ها '!$I$20*100 -> 6.2123725
A13: آپارتمان مجتمع سعادت آیاد به شماره سند 003338 | C13: 1 | E13: 278561400000 | G13: 278561400000 | I13: 0 | K13: 0 | M13: 0 | O13: 0 | Q13: 1 | S13: 0 | U13: 278561400000 | W13: 655028000000 | Y13: =W13/'سرمایه گذاری ها '!$I$20*100 -> 7.3536029
A14: آپارتمان مجتمع سعادت آیاد به شماره سند 003340 | C14: 1 | E14: 279561400000 | G14: 279561400000 | I14: 0 | K14: 0 | M14: 0 | O14: 0 | Q14: 1 | S14: 0 | U14: 279561400000 | W14: 631710000000 | Y14: =W14/'سرمایه گذاری ها '!$I$20*100 -> 7.0918259
A15: آپارتمان مجتمع سعادت آیاد به شماره سند 003337 | C15: 1 | E15: 279561400000 | G15: 279561400000 | I15: 0 | K15: 0 | M15: 0 | O15: 0 | Q15: 1 | S15: 0 | U15: 279561400000 | W15: 642024000000 | Y15: =W15/'سرمایه گذاری ها '!$I$20*100 -> 7.2076149 | AD15: 170297269
A16: آپارتمان مجتمع سعادت آیاد به شماره سند 003341 | C16: 1 | E16: 279561400000 | G16: 279561400000 | I16: 0 | K16: 0 | M16: 0 | O16: 0 | Q16: 1 | S16: 0 | U16: 279561400000 | W16: 624079000000 | Y16: =W16/'سرمایه گذاری ها '!$I$20*100 -> 7.0061572 | AD16: 141477731
A17: واحد 2133برج تهران | C17: 1 | E17: 535747500000 | G17: 535747500000 | I17: 0 | K17: 0 | M17: 0 | O17: 0 | Q17: 1 | S17: 0 | U17: 535747500000 | W17: 800000000000 | Y17: =W17/'سرمایه گذاری ها '!$I$20*100 -> 8.9811158 | Z17: 194822609879 | AA17: 170299445803 | AB17: =Z17+AA17 -> 365122055682
A18: مجتمع نگین نور | C18: 1 | E18: 80374412500 | G18: 80374412500 | I18: 0 | K18: 0 | M18: 0 | O18: 0 | Q18: 1 | S18: 0 | U18: 80374412500 | W18: 181588000000 | Y18: =W18/'سرمایه گذاری ها '!$I$20*100 -> 2.0385786
A19: ملک بلوار 24 متری | C19: 1 | E19: 433049971462 | G19: 433049971462 | I19: 0 | K19: 0 | M19: 0 | O19: 0 | Q19: 1 | S19: 0 | U19: 433049971462 | W19: 790000000000 | Y19: =W19/'سرمایه گذاری ها '!$I$20*100 -> 8.8688519 | Z19: =G19-W19 -> -356950028538
A20: ملک متل قو * | C20: 1 | E20: 1610964051109 | G20: 1610964051109 | I20: 0 | K20: 0 | M20: 0 | O20: 0 | Q20: 1 | S20: 0 | U20: 1610964051109 | W20: 1750000000000 | Y20: =W20/'سرمایه گذاری ها '!$I$20*100 -> 19.646191
A21: ملک اشک شهر | E21: 0 | G21: 0 | I21: 1 | K21: 329730000000 | O21: 0 | Q21: 1 | S21: =+K21 -> 329730000000 | U21: 329730000000 | W21: 329730000000 | Y21: =W21/'سرمایه گذاری ها '!$I$20*100 -> 3.7016792
E22: =SUM(E12:E21) -> 4042942935071 | G22: =SUM(G12:G21) -> 4042942935071 | K22: =SUM(K12:K21) -> 329730000000 | O22: =SUBTOTAL(9,O12:O21) -> 0 | S22: =SUM(S12:S21) -> 329730000000 | U22: =SUM(U12:U21) -> 4372672935071 | W22: =SUM(W12:W21) -> 6957531000000 | Y22: =SUM(Y12:Y21) -> 78.10799 | Z22: =G22-W22 -> -2914588064929
A24: * تغییرات ریالی ناشی از مخارج مستقیم انجام شده مرتبط با بهای تمام شده پروژه می باشد.
G26: 2363739193182 | W26: 3498596486728
G27: =G22-G26 -> 1679203741889 | W27: =W22-W26 -> 3458934513272
G28: 3298594058421 | W28: 3299723783421
G29: =G22-G28 -> 744348876650 | W29: =W22-W28 -> 3657807216579

Sheet سرمایه گذاری در سهام (2)
A1: =تیتر!B1 -> صندوق سرمایه گذاری املاک و مستغلات خانه آگاه
A2: =تیتر!B2 -> صورت وضعیت پورتفوی
A3: =تیتر!B3 -> برای ماه منتهی به 1405/05/31
A6: ‫1-2- سرمایه گذاری در سهام و حق تقدم سهام
C8: =تیتر!A5 -> 1404/04/31 | I8: ‫تغییرات طی دوره | Q8: =تیتر!B5 -> 1405/05/31
A9: ‫شرکت | C9: ‫تعداد | E9: ‫بهای تمام شده | G9: ‫خالص ارزش فروش | I9: ‫خرید طی دوره | M9: ‫فروش طی دوره | Q9: ‫تعداد | S9: ‫قیمت بازار هر سهم | U9: ‫بهای تمام شده | W9: ‫خالص ارزش فروش | Y9: ‫درصد به کل دارایی ها
I10: ‫تعداد | K10: ‫بهای تمام شده | M10: ‫تعداد | O10: ‫مبلغ فروش
E11: ریال | G11: ریال | K11: ریال | O11: ریال | S11: ریال | U11: ریال | W11: ریال | Y11: درصد
A12: بین‌المللی‌توسعه‌ساختمان | C12: 21000000 | E12: 11480397882 | G12: 12210874620 | I12: 0 | K12: 0 | M12: 0 | O12: 0 | Q12: 21000000 | S12: 691 | U12: 11480397882 | W12: 14398829970 | Y12: =W12/'سرمایه گذاری ها '!$I$20*100 -> 0.16164695 | AA12: =C12+I12+M12-Q12 -> 0
A13: توسعه و عمران امید | C13: 802740 | E13: 1174314963 | G13: 1.1286898e+09 | I13: 0 | K13: 0 | M13: 0 | O13: 0 | Q13: 802740 | S13: 1670 | U13: 1174314963 | W13: 1.3302131e+09 | Y13: =W13/'سرمایه گذاری ها '!$I$20*100 -> 0.014933498 | AA13: =C13+I13+M13-Q13 -> 0
A14: سرمایه گذاری مسکن پردیس | C14: 1426867 | E14: 3591006238 | G14: 4.4683826e+09 | I14: 5518316 | K14: 20527082844 | M14: 0 | O14: 0 | Q14: 6945183 | S14: 3800 | U14: 24118089082 | W14: 2.6187688e+10 | Y14: =W14/'سرمایه گذاری ها '!$I$20*100 -> 0.29399332 | AA14: =C14+I14+M14-Q14 -> 0
A15: سرمایه گذاری مسکن شمال شرق | C15: 3701443 | E15: 95352133147 | G15: 5.645141e+10 | I15: 9758349 | K15: 0 | M15: 0 | O15: 0 | Q15: 13459792 | S15: 4287 | U15: 95352133147 | W15: 5.7256091e+10 | Y15: =W15/'سرمایه گذاری ها '!$I$20*100 -> 0.64277948 | AA15: =C15+I15+M15-Q15 -> 0
A16: سرمایه‌ گذاری‌ ساختمان‌ایران‌ | C16: 3874434 | E16: 4016781767 | G16: 5.5629693e+09 | I16: 0 | K16: 0 | M16: 0 | O16: 0 | Q16: 3874434 | S16: 1640 | U16: 4016781767 | W16: 6.3049548e+09 | Y16: =W16/'سرمایه گذاری ها '!$I$20*100 -> 0.070781912 | AA16: =C16+I16+M16-Q16 -> 0
A17: عمران‌وتوسعه‌فارس‌ | C17: 8044125 | E17: 110417441000 | G17: 9.8976105e+10 | I17: 0 | K17: 0 | M17: 0 | O17: 0 | Q17: 8044125 | S17: 14190 | U17: 110417441000 | W17: 1.1326378e+11 | Y17: =W17/'سرمایه گذاری ها '!$I$20*100 -> 1.271544
A18: بهساز کاشانه تهران | C18: 0 | E18: 0 | G18: 0 | I18: 31128119 | K18: 56325312621 | M18: 0 | O18: 0 | Q18: 31128119 | S18: 1861 | U18: 56325312621 | W18: 5.7481635e+10 | Y18: =W18/'سرمایه گذاری ها '!$I$20*100 -> 0.64531153 | AA18: =C18+I18+M18-Q18 -> 0
A19: سرمایه گذاری مسکن جنوب | C19: 0 | E19: 0 | G19: 0 | I19: 3624175 | K19: 56292408888 | M19: 0 | O19: 0 | Q19: 3624175 | S19: 17790 | U19: 56292408888 | W19: 6.3975689e+10 | Y19: =W19/'سرمایه گذاری ها '!$I$20*100 -> 0.71821634 | AA19: =C19+I19+M19-Q19 -> 0
E20: =SUBTOTAL(9,E12:E19) -> 226032074997 | G20: =SUBTOTAL(9,G12:G19) -> 1.7879843e+11 | K20: =SUBTOTAL(9,K12:K19) -> 133144804353 | O20: =SUBTOTAL(9,O12:O19) -> 0 | U20: =SUBTOTAL(9,U12:U19) -> 359176879350 | W20: =SUBTOTAL(9,W12:W19) -> 3.4019888e+11 | Y20: =SUBTOTAL(9,Y12:Y19) -> 3.819207 | AD20: 359176879350
AD21: 18977995232
G23: 111749044973 | W23: 212001960553
G24: -8981258954 | W24: -25587591038
G25: =SUM(G23:G24) -> 102767786019 | W25: =SUM(W23:W24) -> 186414369515
G26: =G20-G25 -> 7.6030645e+10 | W26: =W20-W25 -> 1.5378451e+11
E28: 212001960553 | G28: 212001960553 | U28: 212001958036 | W28: 212001958036
E29: =E20-E28 -> 14030114444 | G29: -36730301215 | U29: =U20-U28 -> 147174921314 | W29: -45698420851
G30: =G20-G28-G29 -> 3.5267716e+09 | W30: =W20-W28-W29 -> 1.7389535e+11
AD31: =AD20-AD21 -> 340198884118

Sheet صندوق
A1: =تیتر!B1 -> صندوق سرمایه گذاری املاک و مستغلات خانه آگاه
A2: =تیتر!B2 -> صورت وضعیت پورتفوی
A3: =تیتر!B3 -> برای ماه منتهی به 1405/05/31
A5: ‫1-3- سرمایه گذاری درصندوق های سرمایه گذاری
C7: =تیتر!A5 -> 1404/04/31 | I7: ‫تغییرات طی دوره | Q7: =تیتر!B5 -> 1405/05/31
A8: ‫نام اوراق | C8: ‫تعداد | E8: ‫بهای تمام شده | G8: ‫خالص ارزش فروش | I8: ‫خرید طی دوره | M8: ‫فروش طی دوره | Q8: ‫تعداد | S8: ‫قیمت بازار هر ورقه | U8: ‫بهای تمام شده | W8: ‫خالص ارزش فروش | Y8: ‫درصد به کل دارایی ها
I9: ‫تعداد | K9: ‫بهای تمام شده | M9: ‫تعداد | O9: ‫مبلغ فروش
E10: ریال | G10: ریال | K10: ریال | O10: ریال | S10: ریال | U10: ریال | W10: ریال
A11: صندوق س افرا نماد پایدار-ثابت | C11: 363161 | E11: 15419563891 | G11: 1.8549232e+10 | I11: 28679 | K11: 1476451609 | M11: -391840 | O11: 20158609423 | Q11: 0 | S11: 0 | U11: 0 | W11: 0 | Y11: =W11/'سرمایه گذاری ها '!$I$20*100 -> 0 | AA11: =C11+I11+M11-Q11 -> 0 | AC11: 869841032122
A12: صندوق س. با درآمد ثابت کیان | C12: 7082621 | E12: 750276548012 | G12: 7.497305e+11 | I12: 1883325 | K12: 199999971494 | M12: -2050694 | O12: 221099709356 | Q12: 6915252 | S12: 108732 | U12: 732928973926 | W12: 7.5163191e+11 | Y12: =W12/'سرمایه گذاری ها '!$I$20*100 -> 8.4381166 | AA12: =C12+I12+M12-Q12 -> 0 | AC12: 89038036753
A13: صندوق س. لبخند فارابی-د | C13: 221926 | E13: 6067918152 | G13: 6.4955971e+09 | I13: 0 | K13: 0 | M13: -221926 | O13: 6501365095 | Q13: 0 | S13: 0 | U13: 0 | W13: 0 | Y13: =W13/'سرمایه گذاری ها '!$I$20*100 -> 0 | AA13: =C13+I13+M13-Q13 -> 0
A14: صندوق س.درآمد ثابت کارآمد-د | C14: 12595074 | E14: 149033260203 | G14: 2.1966522e+11 | I14: 0 | K14: 0 | M14: -1024385 | O14: 17999999585 | Q14: 11570689 | S14: 17918 | U14: 136912058196 | W14: 2.0724715e+11 | Y14: =W14/'سرمایه گذاری ها '!$I$20*100 -> 2.3266384 | AA14: =C14+I14+M14-Q14 -> 0 | AC14: =SUM(AC11:AC13) -> 958879068875
E15: =SUM(E11:E14) -> 920797290258 | G15: =SUM(G11:G14) -> 9.9444056e+11 | K15: =SUM(K11:K14) -> 201476423103 | O15: =SUM(O11:O14) -> 265759683459 | U15: =SUM(U11:U14) -> 869841032122 | W15: =SUM(W11:W14) -> 9.5887907e+11 | Y15: =SUM(Y11:Y14) -> 10.764755
G17: 2015484271897 | W17: 1668030084105
G18: 273719808531 | W18: 318373775019
G19: =SUM(G17:G18) -> 2289204080428 | W19: =W17+W18 -> 1986403859124
G20: =G15-G19 -> -1.2947635e+12 | W20: =W15-W19 -> -1.0275248e+12
E23: 1625156626746 | G23: 1625156626746 | U23: 1625156626746 | W23: 1625156626746
E24: =E15-E23 -> -704359336488 | G24: 362353236174 | U24: =U15-U23 -> -755315594624 | W24: 409083518228
G25: =G15-G23-G24 -> -9.9306931e+11 | W25: =W15-W23-W24 -> -1.0753611e+12

Sheet سپرده
A1: =تیتر!B1 -> صندوق سرمایه گذاری املاک و مستغلات خانه آگاه
A2: =تیتر!B2 -> صورت وضعیت پورتفوی
A3: =تیتر!B3 -> برای ماه منتهی به 1405/05/31
A5: ‫1-4- سرمایه گذاری در سپرده های بانکی
C7: =تیتر!A5 -> 1404/04/31 | E7: ‫تغییرات طی دوره | I7: =تیتر!B5 -> 1405/05/31
A8: شرح | E8: ‫افزایش | G8: ‫کاهش
C9: مبلغ-ریال | E9: مبلغ-ریال | G9: مبلغ-ریال | I9: مبلغ-ریال | K9: درصد به کل دارایی ها
A10: بانک پاسارگاد | C10: 756879333195 | E10: 198664885713 | G10: 944612361000 | I10: =C10+E10-G10 -> 10931857908 | K10: =I10/'سرمایه گذاری ها '!$I$20*100 -> 0.12272535
A11: بانک خاورمیانه | C11: 3412080753 | E11: 1024492063731 | G11: 1026734001652 | I11: =C11+E11-G11 -> 1170142832 | K11: =I11/'سرمایه گذاری ها '!$I$20*100 -> 0.013136485
A12: بانک صادرات | C12: 5138659216 | E12: 444071072623 | G12: 423002075000 | I12: =C12+E12-G12 -> 26207656839 | K12: =I12/'سرمایه گذاری ها '!$I$20*100 -> 0.2942175
C13: =SUM(C10:C12) -> 765430073164 | E13: =SUM(E10:E12) -> 1667228022067 | G13: =SUM(G10:G12) -> 2394348437652 | H13: 0 | I13: =SUM(I10:I12) -> 38309657579 | K13: =SUM(K10:K12) -> 0.43007934
C16: 271037061764 | I16: 164987419093
C17: =C13-C16 -> 494393011400 | I17: =I13-I16 -> -126677761514
I20: =C13+E13-G13-I13 -> 0

Sheet درآمدها
A1: =تیتر!B7 -> صندوق سرمایه گذاری املاک و مستغلات خانه آگاه
A2: =تیتر!B8 -> صورت وضعیت درآمدها
A3: =تیتر!B9 -> برای ماه منتهی به 1405/05/31
A6: ‫2- درآمد حاصل از سرمایه گذاری ها
E8: =تیتر!A11 -> طی مرداد ماه
A9: ‫شرح | C9: ‫یادداشت | E9: ‫مبلغ- ریال | G9: ‫درصد از کل درآمدها | I9: ‫درصد از کل دارایی ها | J9: انباشته
A10: ‫درآمد حاصل از سرمایه گذاری در املاک و مستغلات | C10: 2-1 | E10: =+'درآمد سرمایه گذاری املاک'!G19 -> 2590595564929 | G10: =E10/$E$15*100 -> 97.792972 | I10: =E10/'سرمایه گذاری ها '!$I$20*100 -> 29.083049 | J10: ='درآمد سرمایه گذاری املاک'!O19 -> 2594845564929 | K10: =J10/$J$15*100 -> 96.784263
A11: ‫درآمد حاصل از سرمایه گذاری در سهام و حق تقدم سهام | C11: 2-2 | E11: =+'درآمد سرمایه گذاری در سهام '!I18 -> 28255648852 | G11: =E11/$E$15*100 -> 1.0666288 | I11: =E11/'سرمایه گذاری ها '!$I$20*100 -> 0.31720907 | J11: ='درآمد سرمایه گذاری در سهام '!S18 -> 17188100926 | K11: =J11/$J$15*100 -> 0.64109313
A12: ‫درآمد حاصل از سرمایه گذاری در صندوق های سرمایه گذاری با درآمد ثابت | C12: 2-3 | E12: =+'درآمد سرمایه گذاری در صندوق'!I16 -> 29224587920 | G12: =E12/$E$15*100 -> 1.1032055 | I12: =E12/'سرمایه گذاری ها '!$I$20*100 -> 0.32808676 | J12: ='درآمد سرمایه گذاری در صندوق'!S16 -> 63045937718 | K12: =J12/$J$15*100 -> 2.351529
A13: ‫درآمد حاصل از سرمایه گذاری در سپرده بانکی | C13: 2-4 | E13: =+'درآمد سپرده بانکی '!C13 -> 1131504122 | G13: =E13/$E$15*100 -> 0.042713402 | I13: =E13/'سرمایه گذاری ها '!$I$20*100 -> 0.012702712 | J13: ='درآمد سپرده بانکی '!G13 -> 5485376165 | K13: =J13/$J$15*100 -> 0.20459718
A14: ‫سایر درآمدها | C14: 2-5 | E14: =+'سایر درآمد ها'!C12 -> -146224534 | G14: =E14/$E$15*100 -> -0.0055198627 | I14: =E14/'سرمایه گذاری ها '!$I$20*100 -> -0.0016415743 | J14: ='سایر درآمد ها'!E12 -> 496478811 | K14: =J14/$J$15*100 -> 0.018517994
E15: =SUM(E10:E14) -> 2649061081289 | G15: =SUM(G10:G14) -> 100 | I15: =SUM(I10:I14) -> 29.739406 | J15: =SUM(J10:J14) -> 2681061458549
J16: 2681061458547
E17: 2649061081289 | J17: =J15-J16 -> 2
E18: =SUM(E17:E17) -> 2649061081289
E19: =E15-E18 -> 0

Sheet درآمد سرمایه گذاری املاک
A1: =تیتر!B7 -> صندوق سرمایه گذاری املاک و مستغلات خانه آگاه
A2: =تیتر!B8 -> صورت وضعیت درآمدها
A3: =تیتر!B9 -> برای ماه منتهی به 1405/05/31
A5: ‫2-1- درآمد حاصل از سرمایه گذاری در املاک و مستغلات:
C7: =+تیتر!A11 -> طی مرداد ماه | K7: =تیتر!B11 -> از ابتدای سال مالی تا پایان مرداد ماه 1405
A8: ‫سهام | C8: درآمد اجاره 2-1-1 | E8: درآمد تغییرارزش 2-1-2 | G8: ‫جمع مبلغ | I8: ‫درصد از کل درآمد ها | K8: =C8 -> درآمد اجاره 2-1-1 | M8: درآمد تغییرارزش 2-1-2 | O8: ‫جمع مبلغ | Q8: ‫درصد از کل درآمد ها
E9: ریال | G9: ریال | M9: ریال | O9: ریال | R9: -1
A10: آپارتمان مجتمع سعادت آباد به شماره سند 003339 | C10: 1147500000 | E10: 287810600000 | G10: =C10+E10 -> 288958100000 | I10: =G10/درآمدها!$E$15*100 -> 10.907944 | K10: 1997500000 | M10: 287810600000 | O10: =K10+M10 -> 289808100000 | Q10: =O10/درآمدها!$J$15*100 -> 10.809454
A11: آپارتمان مجتمع سعادت آیاد به شماره سند 003338 | C11: 1147500000 | E11: 376466600000 | G11: =C11+E11 -> 377614100000 | I11: =G11/درآمدها!$E$15*100 -> 14.254639 | K11: 1997500000 | M11: 376466600000 | O11: =K11+M11 -> 378464100000 | Q11: =O11/درآمدها!$J$15*100 -> 14.116204
A12: آپارتمان مجتمع سعادت آیاد به شماره سند 003340 | C12: 1147500000 | E12: 352148600000 | G12: =C12+E12 -> 353296100000 | I12: =G12/درآمدها!$E$15*100 -> 13.336654 | K12: 1997500000 | M12: 352148600000 | O12: =K12+M12 -> 354146100000 | Q12: =O12/درآمدها!$J$15*100 -> 13.209175 | U12: 2914588064929
A13: آپارتمان مجتمع سعادت آیاد به شماره سند 003337 | C13: 1147500000 | E13: 362462600000 | G13: =C13+E13 -> 363610100000 | I13: =G13/درآمدها!$E$15*100 -> 13.725999 | K13: 1997500000 | M13: 362462600000 | O13: =K13+M13 -> 364460100000 | Q13: =O13/درآمدها!$J$15*100 -> 13.593873 | U13: 329730000000
A14: آپارتمان مجتمع سعادت آیاد به شماره سند 003341 | C14: 1147500000 | E14: 344517600000 | G14: =C14+E14 -> 345665100000 | I14: =G14/درآمدها!$E$15*100 -> 13.048589 | K14: 1997500000 | M14: 344517600000 | O14: =K14+M14 -> 346515100000 | Q14: =O14/درآمدها!$J$15*100 -> 12.924549 | U14: =U12-U13 -> 2584858064929
A15: واحد 2133برج تهران | C15: 0 | E15: 264252500000 | G15: =C15+E15 -> 264252500000 | I15: =G15/درآمدها!$E$15*100 -> 9.9753268 | K15: 0 | M15: 264252500000 | O15: =K15+M15 -> 264252500000 | Q15: =O15/درآمدها!$J$15*100 -> 9.8562642
A16: مجتمع نگین نور | C16: 0 | E16: 101213587500 | G16: =C16+E16 -> 101213587500 | I16: =G16/درآمدها!$E$15*100 -> 3.8207344 | K16: 0 | M16: 101213587500 | O16: =K16+M16 -> 101213587500 | Q16: =O16/درآمدها!$J$15*100 -> 3.7751312
A17: ملک بلوار 24 متری | C17: 0 | E17: 356950028538 | G17: =C17+E17 -> 356950028538 | I17: =G17/درآمدها!$E$15*100 -> 13.474587 | K17: 0 | M17: 356950028538 | O17: =K17+M17 -> 356950028538 | Q17: =O17/درآمدها!$J$15*100 -> 13.313758
A18: ملک متل قو * | C18: 0 | E18: 139035948891 | G18: =C18+E18 -> 139035948891 | I18: =G18/درآمدها!$E$15*100 -> 5.2484992 | K18: 0 | M18: 139035948891 | O18: =K18+M18 -> 139035948891 | Q18: =O18/درآمدها!$J$15*100 -> 5.1858546
C19: =SUM(C10:C18) -> 5737500000 | E19: =SUM(E10:E18) -> 2584858064929 | G19: =SUM(G10:G18) -> 2590595564929 | I19: =SUM(I10:I18) -> 97.792972 | K19: =SUM(K10:K18) -> 9987500000 | M19: =SUM(M10:M18) -> 2584858064929 | O19: =SUM(O10:O18) -> 2594845564929 | Q19: =SUM(Q10:Q18) -> 96.784263
G21: 4249999500 | K21: 39326829174 | M21: 385529075277
G22: =#REF!-G21 -> #REF! | K22: =K19-K21 -> -29339329174 | M22: =M19-M21 -> 2199328989652
C23: 4108332850 | E23: 40731571693 | K23: 43435162024 | M23: 426260646970
C24: =C19-C23 -> 1629167150 | E24: =E19-E23 -> 2544126493236 | K24: =K19-K23 -> -33447662024 | M24: =M19-M23 -> 2158597417959
C27: 4391666150 | G27: 4391666150 | K27: 47826828154 | M27: 404211646970
C28: =C19-C27 -> 1345833850 | G28: =G19-G27 -> 2586203898779 | K28: =K19-K27 -> -37839328154 | M28: =M19-M27 -> 2180646417959
E31: 4343000000
E32: =-'درآمد سرمایه گذاری در صندوق'!C15 -> -404780544
E33: =SUM(E31:E32) -> 3938219456

Sheet درآمد فروش املاک
A1: =+تیتر!B1 -> صندوق سرمایه گذاری املاک و مستغلات خانه آگاه
A2: =+تیتر!B2 -> صورت وضعیت پورتفوی
A3: =+تیتر!B3 -> برای ماه منتهی به 1405/05/31
A5: 2-1-2‫سود(زیان) حاصل از فروش املاک و مستغلات
C7: =تیتر!A11 -> طی مرداد ماه | K7: =تیتر!B11 -> از ابتدای سال مالی تا پایان مرداد ماه 1405
A8: ‫شرح | C8: ‫تعداد | E8: ‫خالص ارزش فروش | G8: ‫ارزش دفتری | I8: ‫سود (زیان) ناخالص ناشی از فروش | K8: ‫تعداد | M8: ‫خالص ارزش فروش | O8: ‫ارزش دفتری | Q8: ‫سود (زیان) ناخالص ناشی از فروش
E9: ریال | G9: ریال | I9: ریال | M9: ریال | O9: ریال | Q9: ریال
A10: ملک محوی | E10: 0 | G10: 0 | I10: 0 | K10: 1 | M10: 0 | O10: 0 | Q10: 0
A11: مجتمع نونهالان | C11: - | E11: 0 | G11: 0 | I11: 0 | K11: 2 | M11: 0 | O11: 0 | Q11: 0
A12: مجتمع رازان | C12: - | E12: 0 | G12: 0 | I12: 0 | K12: 1 | M12: 0 | O12: 0 | Q12: 0
A13: مجتمع زرگنده | C13: 1 | E13: 0 | G13: 0 | I13: =E13+G13 -> 0 | K13: 1 | M13: 0 | O13: 0 | Q13: 0
A14: ملک پلور | C14: 1 | E14: 0 | G14: 0 | I14: =E14+G14 -> 0 | K14: 1 | M14: 0 | O14: 0 | Q14: 0
E15: =SUM(E10:E14) -> 0 | G15: =SUM(G10:G14) -> 0 | I15: =SUM(I10:I14) -> 0 | M15: =SUM(M10:M14) -> 0 | O15: =SUM(O10:O14) -> 0 | Q15: =SUM(Q10:Q14) -> 0
A18: ‫ارزش دفتری برابر است با میانگین موزون خالص ارزش فروش هر سهم/ورقه در ابتدای دوره با خرید طی دوره ضربدر تعداد در پایان دوره
Q19: 404211646970
Q20: =Q15-Q19 -> -404211646970

Sheet درآمد سرمایه گذاری در سهام 
A1: =تیتر!B7 -> صندوق سرمایه گذاری املاک و مستغلات خانه آگاه
A2: =تیتر!B8 -> صورت وضعیت درآمدها
A3: =تیتر!B9 -> برای ماه منتهی به 1405/05/31
A5: ‫2-2- درآمد حاصل از سرمایه گذاری در سهام و حق تقدم سهام:
C7: =تیتر!A11 -> طی مرداد ماه | M7: =تیتر!B11 -> از ابتدای سال مالی تا پایان مرداد ماه 1405
A8: ‫سهام | C8: ‫درآمد سود سهام 2-2-1 | E8: درآمد (هزینه) تغییر ارزش 2-2-2 | G8: درآمد فروش 2-2-3 | I8: ‫جمع مبلغ | K8: ‫درصد از کل درآمد ها | M8: ‫درآمد سود سهام 2-2-1 | O8: درآمد (هزینه) تغییر ارزش 2-2-2 | Q8: درآمد فروش 2-2-3 | S8: ‫جمع مبلغ | U8: ‫درصد از کل درآمد ها
C9: ریال | E9: ریال | G9: ریال | I9: ریال | M9: ریال | O9: ریال | Q9: ریال | S9: ریال | U9: درصد | W9: -1
A10: سرمایه گذاری مسکن شمال شرق | C10: 0 | E10: 804680755 | G10: 0 | I10: =C10+E10+G10 -> 804680755 | K10: =I10/درآمدها!$E$15*100 -> 0.030376074 | M10: 0 | O10: -16273982637 | Q10: -1415030230 | R10: -1626112648 | S10: =M10+O10+Q10 -> -17689012867 | T10: -42189159980 | U10: =S10/درآمدها!$J$15*100 -> -0.65977648
A11: سرمایه گذاری مسکن پردیس | C11: 0 | E11: 1192222175 | G11: 0 | I11: =C11+E11+G11 -> 1192222175 | K11: =I11/درآمدها!$E$15*100 -> 0.045005462 | M11: 0 | O11: 1550429017 | Q11: 988787129 | R11: 884340102 | S11: =M11+O11+Q11 -> 2539216146 | U11: =S11/درآمدها!$J$15*100 -> 0.09470936
A12: بهساز کاشانه تهران | C12: 0 | E12: 1156322348 | G12: 0 | I12: =C12+E12+G12 -> 1156322348 | K12: =I12/درآمدها!$E$15*100 -> 0.043650271 | M12: 0 | O12: 1156322348 | Q12: 1693732758 | R12: 750412982 | S12: =M12+O12+Q12 -> 2850055106 | T12: -3005939714 | U12: =S12/درآمدها!$J$15*100 -> 0.10630324
A13: بین‌المللی‌توسعه‌ساختمان | C13: 0 | E13: 2187955350 | G13: 0 | I13: =C13+E13+G13 -> 2187955350 | K13: =I13/درآمدها!$E$15*100 -> 0.082593616 | M13: 0 | O13: 3604916921 | Q13: 6621629807 | R13: 6205063366 | S13: =M13+O13+Q13 -> 10226546728 | U13: =S13/درآمدها!$J$15*100 -> 0.38143649
A14: توسعه و عمران امید | C14: 0 | E14: 201523310 | G14: 0 | I14: =C14+E14+G14 -> 201523310 | K14: =I14/درآمدها!$E$15*100 -> 0.0076073486 | M14: 0 | O14: 176830727 | Q14: -142680500 | R14: -205331628 | S14: =M14+O14+Q14 -> 34150227 | T14: -397206350 | U14: =S14/درآمدها!$J$15*100 -> 0.0012737577
A15: سرمایه‌ گذاری‌ ساختمان‌ایران‌ | E15: 741985533 | G15: 0 | I15: =C15+E15+G15 -> 741985533 | K15: =I15/درآمدها!$E$15*100 -> 0.028009378 | O15: 984188053 | Q15: 183150669 | S15: =M15+O15+Q15 -> 1167338722 | U15: =S15/درآمدها!$J$15*100 -> 0.04354017
A16: سرمایه گذاری مسکن جنوب | C16: 0 | E16: 7683279775 | G16: 0 | I16: =C16+E16+G16 -> 7683279775 | K16: =I16/درآمدها!$E$15*100 -> 0.29003785 | M16: 0 | O16: 7683279776 | Q16: 0 | R16: 144223988 | S16: =M16+O16+Q16 -> 7683279776 | T16: -1095409092 | U16: =S16/درآمدها!$J$15*100 -> 0.28657604
A17: عمران‌وتوسعه‌فارس‌ | C17: 0 | E17: 14287679606 | G17: 0 | I17: =C17+E17+G17 -> 14287679606 | K17: =I17/درآمدها!$E$15*100 -> 0.53934882 | M17: 0 | O17: 10376527088 | Q17: 0 | R17: 0 | S17: =M17+O17+Q17 -> 10376527088 | U17: =S17/درآمدها!$J$15*100 -> 0.38703056
C18: =SUM(C10:C17) -> 0 | E18: =SUM(E10:E17) -> 28255648852 | G18: =SUM(G10:G17) -> 0 | I18: =SUM(I10:I17) -> 28255648852 | K18: =SUM(K10:K17) -> 1.0666288 | M18: =SUM(M10:M17) -> 0 | O18: =SUM(O10:O17) -> 9258511293 | Q18: =SUM(Q10:Q17) -> 7929589633 | S18: =SUM(S10:S17) -> 17188100926 | U18: =SUM(U10:U17) -> 0.64109313
C23: 93000000

Sheet درآمد سود سهام
A1: =تیتر!B7 -> صندوق سرمایه گذاری املاک و مستغلات خانه آگاه
A2: =تیتر!B8 -> صورت وضعیت درآمدها
A3: =تیتر!B9 -> برای ماه منتهی به 1405/05/31
A5: 2-2-1‫درآمد سود سهام
C7: ‫اطلاعات مجمع | I7: =تیتر!A11 -> طی مرداد ماه | O7: =تیتر!B11 -> از ابتدای سال مالی تا پایان مرداد ماه 1405
A8: ‫نام سهام | C8: ‫تاریخ تشکیل مجمع | E8: ‫تعداد سهام متعلقه در زمان مجمع | G8: ‫سود متعلق به هر سهم | I8: ‫جمع درآمد سود سهام | K8: ‫هزینه تنزیل | M8: ‫خالص درآمد سود سهام | O8: ‫جمع درآمد سود سهام | Q8: ‫هزینه تنزیل | S8: ‫خالص درآمد سود سهام
G9: ریال | I9: ریال | K9: ریال | M9: ریال | O9: ریال | Q9: ریال | S9: ریال | T9: -1
A10: بین‌المللی‌توسعه‌ساختمان | C10: 1404/10/10 | E10: 62998564 | G10: 90 | I10: 0 | K10: 0 | M10: =I10+K10 -> 0 | O10: =K10+M10 -> 0 | Q10: =M10+O10 -> 0 | S10: =O10+Q10 -> 0
A11: سرمایه گذاری مسکن پردیس | C11: 1404/09/30 | E11: 3894288 | G11: 75 | I11: 0 | K11: 0 | M11: =I11+K11 -> 0 | O11: =K11+M11 -> 0 | Q11: =M11+O11 -> 0 | S11: =O11+Q11 -> 0
A12: سرمایه گذاری مسکن شمال شرق | C12: 1404/09/12 | E12: 200000 | G12: 240 | I12: 0 | K12: 0 | M12: =I12+K12 -> 0 | O12: =K12+M12 -> 0 | Q12: =M12+O12 -> 0 | S12: =O12+Q12 -> 0
A13: بهساز کاشانه تهران | C13: 1405/01/31 | E13: 27895011 | G13: 323 | I13: 0 | K13: 0 | M13: =I13+K13 -> 0 | O13: =K13+M13 -> 0 | Q13: =M13+O13 -> 0 | S13: =O13+Q13 -> 0
I14: =SUM(I10:I13) -> 0 | K14: =SUM(K10:K13) -> 0 | M14: =SUM(M10:M13) -> 0 | O14: =SUM(O10:O13) -> 0 | Q14: =SUM(Q10:Q13) -> 0 | S14: =SUM(S10:S13) -> 0
O16: ='درآمد سرمایه گذاری در سهام '!M18 -> 0
O17: =O14-O16 -> 0

Sheet درآمد سرمایه گذاری در صندوق
A1: =تیتر!B7 -> صندوق سرمایه گذاری املاک و مستغلات خانه آگاه
A2: =تیتر!B8 -> صورت وضعیت درآمدها
A3: =تیتر!B9 -> برای ماه منتهی به 1405/05/31
A5: ‫2-3- درآمد حاصل از سرمایه گذاری در صندوق های سرمایه گذاری
C7: =تیتر!A11 -> طی مرداد ماه | O7: =تیتر!B11 -> از ابتدای سال مالی تا پایان مرداد ماه 1405
A8: نام اوراق | C8: درآمد سود صندوق 2-3-1 | E8: درآمد (هزینه) تغییر ارزش 2-3-2 | G8: درآمد فروش 2-3-3 | I8: ‫جمع | K8: ‫درصد از کل درآمد ها | M8: =C8 -> درآمد سود صندوق 2-3-1 | O8: درآمد (هزینه) تغییر ارزش 2-3-2 | Q8: درآمد فروش 2-3-3 | S8: ‫جمع | U8: ‫درصد از کل درآمد ها
C9: ریال | E9: ریال | G9: ریال | I9: ریال | M9: ریال | O9: ریال | Q9: ریال | S9: ریال
A10: صندوق املاک ومستغلات ارزش مسکن (ارزش مسکن1) | C10: 93000000 | E10: 0 | G10: 0 | M10: 93000000 | O10: 0 | Q10: 0 | S10: =M10+O10+Q10 -> 93000000 | U10: =S10/درآمدها!$J$15*100 -> 0.0034687754
A11: صندوق س افرا نماد پایدار-ثابت | C11: 0 | E11: -547807870 | G11: 688169958 | I11: =C11+E11+G11 -> 140362088 | K11: =I11/درآمدها!$E$15*100 -> 0.0052985599 | M11: 0 | O11: 0 | Q11: 688169958 | R11: 680733781 | S11: =M11+O11+Q11 -> 688169958 | U11: =S11/درآمدها!$J$15*100 -> 0.025667817
A12: صندوق س. لبخند فارابی-د | C12: 0 | E12: -199437903 | G12: 207604115 | I12: =C12+E12+G12 -> 8166212 | K12: =I12/درآمدها!$E$15*100 -> 0.00030826817 | M12: 0 | O12: 0 | Q12: 6725111074 | R12: 6593609686 | S12: =M12+O12+Q12 -> 6725111074 | U12: =S12/درآمدها!$J$15*100 -> 0.25083763
A13: صندوق س. با درآمد ثابت کیان | C13: 0 | E13: 19248984972 | G13: 3833724298 | I13: =C13+E13+G13 -> 23082709270 | K13: =I13/درآمدها!$E$15*100 -> 0.87135436 | M13: 0 | O13: 18702940027 | Q13: 3833724298 | R13: 3752163776 | S13: =M13+O13+Q13 -> 22536664325 | U13: =S13/درآمدها!$J$15*100 -> 0.84058738
A14: صندوق س.درآمد ثابت کارآمد-د | C14: 0 | E14: 5149288438 | G14: 439281368 | I14: =C14+E14+G14 -> 5588569806 | K14: =I14/درآمدها!$E$15*100 -> 0.21096417 | M14: 0 | O14: 8819378399 | Q14: 23432517478 | R14: 23149152209 | S14: =M14+O14+Q14 -> 32251895877 | U14: =S14/درآمدها!$J$15*100 -> 1.2029525
A15: صندوق ص.س.املاک و مستغلات مالک آتیه | C15: 404780544 | E15: 0 | G15: 0 | I15: =C15+E15+G15 -> 404780544 | K15: =I15/درآمدها!$E$15*100 -> 0.015280151 | M15: 404780544 | O15: 0 | Q15: 346315940 | R15: 342062199 | S15: =M15+O15+Q15 -> 751096484 | U15: =S15/درآمدها!$J$15*100 -> 0.028014892
C16: =SUM(C10:C15) -> 497780544 | E16: =SUM(E10:E15) -> 23651027637 | G16: =SUM(G10:G15) -> 5168779739 | I16: =SUM(I11:I15) -> 29224587920 | K16: =SUM(K11:K15) -> 1.1032055 | M16: =SUM(M10:M15) -> 497780544 | O16: =SUM(O10:O15) -> 27522318426 | Q16: =SUM(Q10:Q15) -> 35025838748 | S16: =SUM(S10:S15) -> 63045937718 | U16: =SUM(U10:U15) -> 2.351529
C18: 88807680 | E18: 44653966488 | G18: 13266040322
C19: =C16-C18 -> 408972864 | E19: =E16-E18 -> -21002938851
E20: 46730282054 | M20: 8995035123 | O20: 380633343785
E21: =E16-E20 -> -23079254417 | M21: =M16-M20 -> -8497254579 | O21: =O16-O20 -> -353111025359
C23: 93000000

Sheet درآمد سود صندوق
A1: صندوق سرمایه گذاری املاک و مستغلات خانه آگاه
A2: صورت وضعیت درآمدها
A3: برای ماه منتهی به 1405/03/31
A5: 2-3-1 درآمد سود صندوق
I6: =تیتر!A11 -> طی مرداد ماه | K6: =تیتر!B11 -> از ابتدای سال مالی تا پایان مرداد ماه 1405
A7: نام صندوق | C7: تاریخ تقسیم سود | E7: تعداد واحد صندوق در زمان تقسیم سود | G7: سود متعلق به هر واحد | I7: خالص درآمد سود صندوق | K7: خالص درآمد سود صندوق
A8: صندوق املاک و مستغلات مالک آتیه (مالک آتیه1) | C8: 1405/03/16 | E8: 4548096 | G8: 1283 | I8: 0 | K8: 0
A9: جـــمـــع | I9: 0 | K9: 0

Sheet درآمد سپرده بانکی 
A1: =تیتر!B7 -> صندوق سرمایه گذاری املاک و مستغلات خانه آگاه
A2: =تیتر!B8 -> صورت وضعیت درآمدها
A3: =تیتر!B9 -> برای ماه منتهی به 1405/05/31
A5: ‫2-4- درآمد حاصل از سرمایه گذاری در سپرده بانکی و گواهی سپرده:
C7: =تیتر!A11 -> طی مرداد ماه | G7: =تیتر!B11 -> از ابتدای سال مالی تا پایان مرداد ماه 1405
A8: ‫نام سپرده | C8: ‫سود سپرده بانکی و گواهی سپرده 2-4-1 | E8: ‫درصد سود به میانگین سپرده | G8: =+C8 -> ‫سود سپرده بانکی و گواهی سپرده 2-4-1 | I8: ‫درصد سود به میانگین سپرده
C9: ریال | G9: ریال
A10: صادرات | C10: 1127396964 | E10: =C10/$C$13*100 -> 99.637018 | G10: 5478860965 | I10: =G10/$G$13*100 -> 99.881226
A11: پاسارگاد | C11: 16616 | E11: =C11/$C$13*100 -> 0.0014684878 | G11: 1086381 | I11: =G11/$G$13*100 -> 0.019805041 | J11: 0
A12: خاورمیانه | C12: 4090542 | E12: =C12/$C$13*100 -> 0.36151366 | G12: 5428819 | I12: =G12/$G$13*100 -> 0.098968946
C13: =SUM(C10:C12) -> 1131504122 | E13: =SUM(E10:E12) -> 100 | G13: =SUM(G10:G12) -> 5485376165 | I13: =SUM(I10:I12) -> 100
C15: 1541525069 | G15: 12035684364
C16: =C13-C15 -> -410020947 | G16: =G13-G15 -> -6550308199

Sheet سایر درآمد ها
A1: =تیتر!B7 -> صندوق سرمایه گذاری املاک و مستغلات خانه آگاه
A2: =تیتر!B8 -> صورت وضعیت درآمدها
A3: =تیتر!B9 -> برای ماه منتهی به 1405/05/31
A6: ‫2-5- سایر درآمدها:
C8: =تیتر!A11 -> طی مرداد ماه | E8: =تیتر!B11 -> از ابتدای سال مالی تا پایان مرداد ماه 1405
C9: ریال | E9: ریال
A10: تعدیل سود سهام | C10: 181411179 | E10: 361351349
A11: تعديل کارمزدکارگزاری | C11: -327635713 | E11: 135127462
C12: =SUM(C10:C11) -> -146224534 | E12: =SUM(E10:E11) -> 496478811

Sheet درآمد فروش سهام
A1: =تیتر!B7 -> صندوق سرمایه گذاری املاک و مستغلات خانه آگاه
A2: =تیتر!B8 -> صورت وضعیت درآمدها
A3: =تیتر!B9 -> برای ماه منتهی به 1405/05/31
A5: 2-2-3‫سود(زیان) حاصل از فروش سهام و حق تقدم سهام
C7: =تیتر!A11 -> طی مرداد ماه | K7: =تیتر!B11 -> از ابتدای سال مالی تا پایان مرداد ماه 1405
A8: ‫شرح | C8: ‫تعداد | E8: ‫خالص ارزش فروش | G8: ‫ارزش دفتری | I8: ‫سود (زیان) ناشی از فروش | K8: ‫تعداد | M8: ‫خالص ارزش فروش | O8: ‫ارزش دفتری | Q8: ‫سود (زیان) ناشی از فروش
E9: ریال | G9: ریال | I9: ریال | M9: ریال | O9: ریال | Q9: ریال
A10: صندوق س افرا نماد پایدار-ثابت | C10: 391840 | E10: 20158609423 | G10: -19470439465 | I10: 688169958 | K10: 391840 | M10: 20158609423 | O10: -19477875642 | Q10: 688169958 | R10: -1
A11: صندوق س. لبخند فارابی-د | C11: 221926 | E11: 6501365095 | G11: -6293760980 | I11: 207604115 | K11: 12332825 | M11: 356482446908 | O11: -349888837222 | Q11: 6725111074
A12: صندوق س. با درآمد ثابت کیان | C12: 2050694 | E12: 221099709356 | G12: -217265985058 | I12: 3833724298 | K12: 2050694 | M12: 221099709356 | O12: -217347545580 | Q12: 3833724298
A13: صندوق س.درآمد ثابت کارآمد-د | C13: 1024385 | E13: 17999999585 | G13: -17560718217 | I13: 439281368 | K13: 44093805 | M13: 768164848341 | O13: -745015696132 | Q13: 23432517478
A14: صندوق ص.س.املاک و مستغلات مالک آتیه | C14: 0 | E14: 0 | G14: 0 | I14: =E14+G14 -> 0 | K14: 972120 | M14: 11730206779 | O14: -11388144580 | Q14: 346315940
A15: سرمایه گذاری مسکن شمال شرق | C15: 0 | E15: 0 | G15: 0 | K15: 1445844 | M15: 27095933262 | O15: -28510963492 | Q15: -1415030230
A16: سرمایه گذاری مسکن پردیس | C16: 0 | E16: 0 | G16: 0 | I16: =E16+G16 -> 0 | K16: 4347460 | M16: 13407458653 | O16: -12418671524 | Q16: 988787129
A17: بهساز کاشانه تهران | C17: 0 | E17: 0 | G17: 0 | I17: =E17+G17 -> 0 | K17: 79088584 | M17: 121090365336 | O17: -119396632578 | Q17: 1693732758
A18: بین‌المللی‌توسعه‌ساختمان | C18: 0 | E18: 0 | G18: 0 | I18: =E18+G18 -> 0 | K18: 91961793 | M18: 53473044257 | O18: -46851414450 | Q18: 6621629807
A19: توسعه و عمران امید | C19: 0 | E19: 0 | G19: 0 | I19: =E19+G19 -> 0 | K19: 5740259 | M19: 8042312452 | O19: -8184992952 | Q19: -142680500
A20: سرمایه‌ گذاری‌ ساختمان‌ایران‌ | C20: 0 | E20: 0 | G20: 0 | I20: =E20+G20 -> 0 | K20: 3533570 | M20: 4996881594 | O20: -4813730925 | Q20: 183150669
E21: =SUM(E10:E20) -> 265759683459 | G21: =SUM(G10:G20) -> -260590903720 | I21: =SUM(I10:I20) -> 5168779739 | M21: =SUM(M10:M20) -> 1605741816361 | O21: =SUM(O10:O20) -> -1563294505077 | Q21: =SUM(Q10:Q20) -> 42955428381
A24: ‫ارزش دفتری برابر است با میانگین موزون خالص ارزش فروش هر سهم/ورقه در ابتدای دوره با خرید طی دوره ضربدر تعداد در پایان دوره
I25: ='درآمد سرمایه گذاری در سهام '!G18+'درآمد سرمایه گذاری در صندوق'!G16 -> 5168779739 | Q25: ='درآمد سرمایه گذاری در سهام '!Q18+'درآمد سرمایه گذاری در صندوق'!Q16 -> 42955428381
I26: =I21-I25 -> 0 | Q26: =Q21-Q25 -> 0
I29: ='درآمد سرمایه گذاری در سهام '!G18+'درآمد سرمایه گذاری در صندوق'!G16 -> 5168779739 | Q29: ='درآمد سرمایه گذاری در سهام '!Q18+'درآمد سرمایه گذاری در صندوق'!Q16 -> 42955428381
I30: =I21-I29 -> 0 | Q30: =Q21-Q29 -> 0

Sheet درآمد تغییر قیمت
A1: =تیتر!B7 -> صندوق سرمایه گذاری املاک و مستغلات خانه آگاه
A2: =تیتر!B8 -> صورت وضعیت درآمدها
A3: =تیتر!B9 -> برای ماه منتهی به 1405/05/31
A5: ‫2-2-2درآمد ناشی از تغییر قیمت سهام و حق تقدم
C7: =تیتر!A11 -> طی مرداد ماه | K7: =تیتر!B11 -> از ابتدای سال مالی تا پایان مرداد ماه 1405
A8: ‫شرح | C8: ‫تعداد | E8: ‫خالص ارزش فروش | G8: ‫ارزش دفتری | I8: ‫سود ( زیان) ناشی از تغییر قیمت | K8: ‫تعداد | M8: ‫خالص ارزش فروش | O8: ‫ارزش دفتری | Q8: ‫سود ( زیان) ناشی از تغییر قیمت | T8: -1
E9: ریال | G9: ریال | I9: ریال | M9: ریال | O9: ریال | Q9: ریال
A10: توسعه و عمران امید | C10: 802740 | E10: 1330213149 | G10: -1128689839 | I10: =E10+G10 -> 201523310 | K10: 802740 | M10: 1330213149 | O10: -1153382422 | Q10: =M10+O10 -> 176830727 | S10: =VLOOKUP(A10,صندوق!A11:Q14,17,0)-K10 -> #N/A
A11: سرمایه گذاری مسکن جنوب | C11: 3624175 | E11: 63975688663 | G11: -56292408888 | I11: =E11+G11 -> 7683279775 | K11: 3624175 | M11: 63975688663 | O11: -56292408888 | Q11: =M11+O11 -> 7683279775 | S11: =VLOOKUP(A11,صندوق!A12:Q15,17,0)-K11 -> #N/A
A12: صندوق س.درآمد ثابت کارآمد-د | C12: 11570689 | E12: 207247154922 | G12: -202097866484 | I12: =E12+G12 -> 5149288438 | K12: 11570689 | M12: 207247154922 | O12: -198427776523 | Q12: =M12+O12 -> 8819378399 | S12: =صندوق!Q11-K12 -> -11570689
A13: بین‌المللی‌توسعه‌ساختمان | C13: 21000000 | E13: 14398829970 | G13: -12210874620 | I13: =E13+G13 -> 2187955350 | K13: 21000000 | M13: 14398829970 | O13: -10793913049 | Q13: =M13+O13 -> 3604916921 | S13: =VLOOKUP(A13,صندوق!A14:Q17,17,0)-K13 -> #N/A
A14: بهساز کاشانه تهران | C14: 31128119 | E14: 57481634969 | G14: -56325312621 | I14: =E14+G14 -> 1156322348 | K14: 31128119 | M14: 57481634969 | O14: -56325312621 | Q14: =M14+O14 -> 1156322348
A15: سرمایه‌ گذاری‌ ساختمان‌ایران‌ | C15: 3874434 | E15: 6304954785 | G15: -5562969252 | I15: =E15+G15 -> 741985533 | K15: 3874434 | M15: 6304954785 | O15: -5320766732 | Q15: =M15+O15 -> 984188053
A16: عمران‌وتوسعه‌فارس‌ | C16: 8044125 | E16: 113263784136 | G16: -98976104530 | I16: =E16+G16 -> 14287679606 | K16: 8044125 | M16: 113263784136 | O16: -102887257048 | Q16: =M16+O16 -> 10376527088 | S16: =VLOOKUP(A16,'سرمایه گذاری در سهام (2)'!A12:Q19,17,0)-K16 -> 0
A17: سرمایه گذاری مسکن شمال شرق | C17: 13459792 | E17: 57256090852 | G17: -56451410097 | I17: =E17+G17 -> 804680755 | K17: 13459792 | M17: 57256090852 | O17: -73530073489 | Q17: =M17+O17 -> -16273982637 | S17: =VLOOKUP(A17,'سرمایه گذاری در سهام (2)'!A13:Q20,17,0)-K17 -> 0
A18: صندوق س. با درآمد ثابت کیان | C18: 6915252 | E18: 751631913953 | G18: -732382928981 | I18: =E18+G18 -> 19248984972 | K18: 6915252 | M18: 751631913953 | O18: -732928973926 | Q18: =M18+O18 -> 18702940027 | S18: =55790022-K18 -> 48874770
A19: سرمایه گذاری مسکن پردیس | C19: 6945183 | E19: 26187687594 | G19: -24995465419 | I19: =E19+G19 -> 1192222175 | K19: 6945183 | M19: 26187687594 | O19: -24637258578 | Q19: =M19+O19 -> 1550429016 | S19: =VLOOKUP(A19,'سرمایه گذاری در سهام (2)'!A15:Q22,17,0)-K19 -> #N/A
A20: صندوق س افرا نماد پایدار-ثابت | E20: 0 | G20: -547807870 | I20: =E20+G20 -> -547807870 | K20: 0 | M20: 0 | O20: 0 | Q20: =M20+O20 -> 0
A21: صندوق س. لبخند فارابی-د | E21: 0 | G21: -199437903 | I21: =E21+G21 -> -199437903 | K21: 0 | M21: 0 | O21: 0 | Q21: =M21+O21 -> 0
E22: =SUM(E10:E21) -> 1299077952993 | G22: =SUM(G10:G21) -> -1247171276504 | I22: =SUM(I10:I21) -> 51906676489 | M22: =SUM(M10:M21) -> 1299077952993 | O22: =SUM(O10:O21) -> -1262297123276 | Q22: =SUM(Q10:Q21) -> 36780829717
I24: ='درآمد سرمایه گذاری در سهام '!E18+'درآمد سرمایه گذاری در صندوق'!E16 -> 51906676489 | Q24: ='درآمد سرمایه گذاری در سهام '!O18+'درآمد سرمایه گذاری در صندوق'!O16 -> 36780829719
I25: =I22-I24 -> 0 | Q25: =Q22-Q24 -> -2
I26: ='درآمد سرمایه گذاری در سهام '!E18+'درآمد سرمایه گذاری در صندوق'!E16 -> 51906676489 | Q26: ='درآمد سرمایه گذاری در سهام '!O18+'درآمد سرمایه گذاری در صندوق'!O16 -> 36780829719
I27: =I22-I26 -> 0 | Q27: =Q22-Q26 -> -2

Sheet درآمد سپرده بانکی  (2)
A1: =تیتر!B7 -> صندوق سرمایه گذاری املاک و مستغلات خانه آگاه
A2: =تیتر!B8 -> صورت وضعیت درآمدها
A3: =تیتر!B9 -> برای ماه منتهی به 1405/05/31
A5: ‫2-4-1- درآمد حاصل از سرمایه گذاری در سپرده بانکی و گواهی سپرده:
C7: =تیتر!A11 -> طی مرداد ماه | I7: =تیتر!B11 -> از ابتدای سال مالی تا پایان مرداد ماه 1405
A8: ‫نام سپرده | C8: ‫درآمد سود | E8: ‫هزینه تنزیل | G8: ‫خالص درآمد | I8: ‫درآمد سود | K8: ‫هزینه تنزیل | M8: ‫خالص درآمد
C9: ریال | E9: ریال | G9: ریال | I9: ریال | K9: ریال | M9: ریال
A10: صادرات | C10: 16616 | E10: 0 | G10: 16616 | I10: 1086381 | K10: 0 | M10: =I10+K10 -> 1086381
A11: پاسارگاد | C11: 1127396964 | E11: 0 | G11: 1127396964 | I11: 5478860965 | K11: 0 | M11: =I11+K11 -> 5478860965
A12: خاورمیانه | C12: 4090542 | E12: 0 | G12: 4090542 | I12: 5428819 | K12: 0 | M12: =I12+K12 -> 5428819
C13: =SUM(C10:C12) -> 1131504122 | E13: =SUM(E10:E12) -> 0 | G13: =SUM(G10:G12) -> 1131504122 | I13: =SUM(I10:I12) -> 5485376165 | K13: =SUM(K10:K12) -> 0 | M13: =SUM(M10:M12) -> 5485376165
G15: ='درآمد سپرده بانکی '!C13 -> 1131504122 | M15: ='درآمد سپرده بانکی '!G13 -> 5485376165
G16: =G13-G15 -> 0 | M16: =M13-M15 -> 0
