Workbook

Sheet تیتر
B1: صندوق سرمایه گذاری املاک و مستغلات خانه آگاه
B2: صورت وضعیت پورتفوی
B3: برای ماه منتهی به 1405/04/31
A5: 1404/03/31 | B5: 1405/04/31
B7: صندوق سرمایه گذاری املاک و مستغلات خانه آگاه
B8: صورت وضعیت درآمدها
B9: برای ماه منتهی به 1405/04/31
A11: طی تیر ماه | B11: از ابتدای سال مالی تا پایان تیر ماه 1405

Sheet 0
A22: =تیتر!B1 -> صندوق سرمایه گذاری املاک و مستغلات خانه آگاه
A23: =تیتر!B2 -> صورت وضعیت پورتفوی
A24: =تیتر!B3 -> برای ماه منتهی به 1405/04/31

Sheet سرمایه گذاری ها  
A1: ='0'!A22:J22 -> صندوق سرمایه گذاری املاک و مستغلات خانه آگاه
A2: صورت وضعیت پرتفوی
A3: =تیتر!B3 -> برای ماه منتهی به 1405/04/31
A5: 1- سرمایه گذاری ها
E6: =+تیتر!A5 -> 1404/03/31 | G6: =+تیتر!B5 -> 1405/04/31 | I6: نسبت به کل دارایی ها
A7: شرح | C7: یادداشت
E8: ریال | G8: ریال | I8: درصد
A9: سرمایه گذاری در واحد های املاک | C9: 1-1 | E9: =+'سرمایه گذاری در املاک'!G21 -> 4042942935071 | G9: =+'سرمایه گذاری در املاک'!W21 -> 4042942935071 | I9: =G9/$I$20*100 -> 59.853478 | K9: 3299723783421 | M9: =G9-K9 -> 743219151650
A10: سرمایه گذاری در سهام و حق تقدم سهام | C10: 1-2 | E10: =+'سرمایه گذاری در سهام (2)'!G19 -> 3.8377577e+11 | G10: =+'سرمایه گذاری در سهام (2)'!W19 -> 1.7879843e+11 | I10: =G10/$I$20*100 -> 2.6470094 | K10: 212001958036 | M10: -45698420851 | N10: =G10-K10-M10 -> 1.2494894e+10
A11: سرمایه گذاری در صندوق های سرمایه گذاری با درآمد ثابت | C11: 1-3 | E11: =+صندوق!G16 -> 1.3227219e+12 | G11: =صندوق!W16 -> 9.9444056e+11 | I11: =G11/$I$20*100 -> 14.722129 | K11: 1625156626746 | M11: 409083518228 | N11: =G11-K11-M11 -> -1.0397996e+12
A12: سرمایه گذاری در سپرده بانکی و گواهی سپرده | C12: 1-4 | E12: =+سپرده!C13 -> 288608210810 | G12: =+سپرده!I13 -> 765430073164 | I12: =G12/$I$20*100 -> 11.331758
E13: =SUM(E9:E12) -> 6.0380488e+12 | G13: =SUM(G9:G12) -> 5.981612e+12 | I13: =SUM(I9:I12) -> 88.554374
J14: 0
E15: 288608210810 | G15: 765430073164 | I15: 11
E16: 5749440587131 | G16: 5216181922744 | I16: 15
E17: =SUM(E15:E16) -> 6038048797941 | G17: =SUM(G15:G16) -> 5981611995908
E18: =E13-E17 -> 4.5556641 | G18: =G13-G17 -> 4.9140625 | H18: =H13-H17 -> 0
I20: 6754733515063

Sheet سرمایه گذاری در املاک
A1: =تیتر!B1 -> صندوق سرمایه گذاری املاک و مستغلات خانه آگاه
A2: =تیتر!B2 -> صورت وضعیت پورتفوی
A3: =تیتر!B3 -> برای ماه منتهی به 1405/04/31
A6: ‫1-1- سرمایه گذاری در واحد های املاک و مستغلات
C8: =تیتر!A5 -> 1404/03/31 | I8: ‫تغییرات طی دوره | Q8: =تیتر!B5 -> 1405/04/31
A9: ‫شرکت | C9: ‫تعداد | E9: ‫بهای تمام شده | G9: ‫خالص ارزش فروش | I9: ‫خرید طی دوره | M9: ‫فروش طی دوره | Q9: ‫تعداد | S9: ‫قیمت بازار هر ملک | U9: ‫بهای تمام شده | W9: ‫خالص ارزش فروش | Y9: ‫درصد به کل دارایی ها
I10: ‫تعداد | K10: ‫بهای تمام شده | M10: ‫تعداد | O10: ‫بهای فروش
E11: ریال | G11: ریال | K11: ریال | O11: ریال | S11: ریال | U11: ریال | W11: ریال
A12: آپارتمان مجتمع سعادت آباد به شماره سند 003339 | C12: 1 | E12: 265561400000 | G12: 265561400000 | I12: 0 | K12: 0 | M12: 0 | O12: 0 | Q12: 1 | S12: 0 | U12: 265561400000 | W12: 265561400000 | Y12: =W12/'سرمایه گذاری ها '!$I$20*100 -> 3.931486
A13: آپارتمان مجتمع سعادت آیاد به شماره سند 003338 | C13: 1 | E13: 278561400000 | G13: 278561400000 | I13: 0 | K13: 0 | M13: 0 | O13: 0 | Q13: 1 | S13: 0 | U13: 278561400000 | W13: 278561400000 | Y13: =W13/'سرمایه گذاری ها '!$I$20*100 -> 4.1239436
A14: آپارتمان مجتمع سعادت آیاد به شماره سند 003340 | C14: 1 | E14: 279561400000 | G14: 279561400000 | I14: 0 | K14: 0 | M14: 0 | O14: 0 | Q14: 1 | S14: 0 | U14: 279561400000 | W14: 279561400000 | Y14: =W14/'سرمایه گذاری ها '!$I$20*100 -> 4.138748
A15: آپارتمان مجتمع سعادت آیاد به شماره سند 003337 | C15: 1 | E15: 279561400000 | G15: 279561400000 | I15: 0 | K15: 0 | M15: 0 | O15: 0 | Q15: 1 | S15: 0 | U15: 279561400000 | W15: 279561400000 | Y15: =W15/'سرمایه گذاری ها '!$I$20*100 -> 4.138748 | AD15: 170297269
A16: آپارتمان مجتمع سعادت آیاد به شماره سند 003341 | C16: 1 | E16: 279561400000 | G16: 279561400000 | I16: 0 | K16: 0 | M16: 0 | O16: 0 | Q16: 1 | S16: 0 | U16: 279561400000 | W16: 279561400000 | Y16: =W16/'سرمایه گذاری ها '!$I$20*100 -> 4.138748 | AD16: 141477731
A17: واحد 2133برج تهران | C17: 1 | E17: 535747500000 | G17: 535747500000 | I17: 0 | K17: 0 | M17: 0 | O17: 0 | Q17: 1 | S17: 0 | U17: 535747500000 | W17: 535747500000 | Y17: =W17/'سرمایه گذاری ها '!$I$20*100 -> 7.931438 | Z17: 194822609879 | AA17: 170299445803 | AB17: =Z17+AA17 -> 365122055682
A18: مجتمع نگین نور | C18: 1 | E18: 80374412500 | G18: 80374412500 | I18: 0 | K18: 0 | M18: 0 | O18: 0 | Q18: 1 | S18: 0 | U18: 80374412500 | W18: 80374412500 | Y18: =W18/'سرمایه گذاری ها '!$I$20*100 -> 1.1898976
A19: ملک بلوار 24 متری | C19: 1 | E19: 433049971462 | G19: 433049971462 | I19: 0 | K19: 0 | M19: 0 | O19: 0 | Q19: 1 | S19: 0 | U19: 433049971462 | W19: 433049971462 | Y19: =W19/'سرمایه گذاری ها '!$I$20*100 -> 6.4110593 | Z19: =G19-W19 -> 0
A20: ملک متل قو * | C20: 1 | E20: 1610964051109 | G20: 1610964051109 | I20: 0 | K20: 0 | M20: 0 | O20: 0 | Q20: 1 | S20: 0 | U20: 1610964051109 | W20: 1610964051109 | Y20: =W20/'سرمایه گذاری ها '!$I$20*100 -> 23.849409
E21: =SUM(E12:E20) -> 4042942935071 | G21: =SUM(G12:G20) -> 4042942935071 | K21: =SUM(K12:K20) -> 0 | O21: =SUBTOTAL(9,O12:O20) -> 0 | S21: =SUM(S12:S20) -> 0 | U21: =SUM(U12:U20) -> 4042942935071 | W21: =SUM(W12:W20) -> 4042942935071 | Y21: =SUM(Y12:Y20) -> 59.853478 | Z21: =G21-W21 -> 0
A23: * تغییرات ریالی ناشی از مخارج مستقیم انجام شده مرتبط با بهای تمام شده پروژه می باشد.
G25: 2363739193182 | W25: 3498596486728
G26: =G21-G25 -> 1679203741889 | W26: =W21-W25 -> 544346448343
G27: 3298594058421 | W27: 3299723783421
G28: =G21-G27 -> 744348876650 | W28: =W21-W27 -> 743219151650

Sheet سرمایه گذاری در سهام (2)
A1: =تیتر!B1 -> صندوق سرمایه گذاری املاک و مستغلات خانه آگاه
A2: =تیتر!B2 -> صورت وضعیت پورتفوی
A3: =تیتر!B3 -> برای ماه منتهی به 1405/04/31
A6: ‫1-2- سرمایه گذاری در سهام و حق تقدم سهام
C8: =تیتر!A5 -> 1404/03/31 | I8: ‫تغییرات طی دوره | Q8: =تیتر!B5 -> 1405/04/31
A9: ‫شرکت | C9: ‫تعداد | E9: ‫بهای تمام شده | G9: ‫خالص ارزش فروش | I9: ‫خرید طی دوره | M9: ‫فروش طی دوره | Q9: ‫تعداد | S9: ‫قیمت بازار هر سهم | U9: ‫بهای تمام شده | W9: ‫خالص ارزش فروش | Y9: ‫درصد به کل دارایی ها
I10: ‫تعداد | K10: ‫بهای تمام شده | M10: ‫تعداد | O10: ‫مبلغ فروش
E11: ریال | G11: ریال | K11: ریال | O11: ریال | S11: ریال | U11: ریال | W11: ریال | Y11: درصد
A12: بهساز کاشانه تهران | C12: 55790022 | E12: 68012954392 | G12: 8.4366758e+10 | I12: 23298562 | K12: 35973194296 | M12: -79088584 | O12: 121090365336 | Q12: 0 | S12: 0 | U12: 0 | W12: 0 | Y12: =W12/'سرمایه گذاری ها '!$I$20*100 -> 0 | AA12: =C12+I12+M12-Q12 -> 0
A13: بین‌المللی‌توسعه‌ساختمان | C13: 112961793 | E13: 61754587110 | G13: 5.8061894e+10 | I13: 0 | K13: 0 | M13: -91961793 | O13: 53473044257 | Q13: 21000000 | S13: 586 | U13: 11480397882 | W13: 12210874620 | Y13: =W13/'سرمایه گذاری ها '!$I$20*100 -> 0.18077508 | AA13: =C13+I13+M13-Q13 -> 0
A14: توسعه و عمران امید | C14: 6542999 | E14: 9571644166 | G14: 9.4010265e+09 | I14: 0 | K14: 0 | M14: -5740259 | O14: 8042312452 | Q14: 802740 | S14: 1417 | U14: 1174314963 | W14: 1.1286898e+09 | Y14: =W14/'سرمایه گذاری ها '!$I$20*100 -> 0.016709613 | AA14: =C14+I14+M14-Q14 -> 0
A15: سرمایه گذاری مسکن پردیس | C15: 5774327 | E15: 14532289467 | G15: 1.6633294e+10 | I15: 0 | K15: 0 | M15: -4347460 | O15: 13407458653 | Q15: 1426867 | S15: 3156 | U15: 3591006238 | W15: 4.4683826e+09 | Y15: =W15/'سرمایه گذاری ها '!$I$20*100 -> 0.066151871 | AA15: =C15+I15+M15-Q15 -> 0
A16: سرمایه گذاری مسکن شمال شرق | C16: 5147287 | E16: 132598231376 | G16: 1.0225212e+11 | I16: 0 | K16: 0 | M16: -1445844 | O16: 27095933262 | Q16: 3701443 | S16: 15370 | U16: 95352133147 | W16: 5.645141e+10 | Y16: =W16/'سرمایه گذاری ها '!$I$20*100 -> 0.83573112 | AA16: =C16+I16+M16-Q16 -> 0
A17: سرمایه‌ گذاری‌ ساختمان‌ایران‌ | C17: 7408004 | E17: 7680176094 | G17: 1.0173424e+10 | I17: 0 | K17: 0 | M17: -3533570 | O17: 4996881594 | Q17: 3874434 | S17: 1447 | U17: 4016781767 | W17: 5.5629693e+09 | Y17: =W17/'سرمایه گذاری ها '!$I$20*100 -> 0.082356606 | AA17: =C17+I17+M17-Q17 -> 0
A18: عمران‌وتوسعه‌فارس‌ | C18: 8044125 | E18: 110417441000 | G18: 1.0288726e+11 | I18: 0 | K18: 0 | M18: 0 | O18: 0 | Q18: 8044125 | S18: 12400 | U18: 110417441000 | W18: 9.8976105e+10 | Y18: =W18/'سرمایه گذاری ها '!$I$20*100 -> 1.4652851 | AA18: =C18+I18+M18-Q18 -> 0
E19: =SUBTOTAL(9,E12:E18) -> 404567323605 | G19: =SUBTOTAL(9,G12:G18) -> 3.8377577e+11 | K19: =SUBTOTAL(9,K12:K18) -> 35973194296 | O19: =SUBTOTAL(9,O12:O18) -> 228105995554 | U19: =SUBTOTAL(9,U12:U18) -> 226032074997 | W19: =SUBTOTAL(9,W12:W18) -> 1.7879843e+11 | Y19: =SUBTOTAL(9,Y12:Y18) -> 2.6470094
G22: 111749044973 | W22: 212001960553
G23: -8981258954 | W23: -25587591038
G24: =SUM(G22:G23) -> 102767786019 | W24: =SUM(W22:W23) -> 186414369515
G25: =G19-G24 -> 2.8100799e+11 | W25: =W19-W24 -> -7.6159386e+09
E27: 212001960553 | G27: 212001960553 | U27: 212001958036 | W27: 212001958036
E28: =E19-E27 -> 192565363052 | G28: -36730301215 | U28: =U19-U27 -> 14030116961 | W28: -45698420851
G29: =G19-G27-G28 -> 2.0850411e+11 | W29: =W19-W27-W28 -> 1.2494894e+10

Sheet صندوق
A1: =تیتر!B1 -> صندوق سرمایه گذاری املاک و مستغلات خانه آگاه
A2: =تیتر!B2 -> صورت وضعیت پورتفوی
A3: =تیتر!B3 -> برای ماه منتهی به 1405/04/31
A5: ‫1-3- سرمایه گذاری درصندوق های سرمایه گذاری
C7: =تیتر!A5 -> 1404/03/31 | I7: ‫تغییرات طی دوره | Q7: =تیتر!B5 -> 1405/04/31
A8: ‫نام اوراق | C8: ‫تعداد | E8: ‫بهای تمام شده | G8: ‫خالص ارزش فروش | I8: ‫خرید طی دوره | M8: ‫فروش طی دوره | Q8: ‫تعداد | S8: ‫قیمت بازار هر ورقه | U8: ‫بهای تمام شده | W8: ‫خالص ارزش فروش | Y8: ‫درصد به کل دارایی ها
I9: ‫تعداد | K9: ‫بهای تمام شده | M9: ‫تعداد | O9: ‫مبلغ فروش
E10: ریال | G10: ریال | K10: ریال | O10: ریال | S10: ریال | U10: ریال | W10: ریال
A11: ص.س.املاک و مستغلات مالک آتیه | C11: 972120 | E11: 11478180152 | G11: 1.1388145e+10 | I11: 0 | K11: 0 | M11: -972120 | O11: 11730206779 | Q11: 0 | S11: 0 | U11: 0 | W11: 0 | Y11: =W11/'سرمایه گذاری ها '!$I$20*100 -> 0 | AA11: =C11+I11+M11-Q11 -> 0
A12: صندوق س افرا نماد پایدار-ثابت | C12: 363161 | E12: 15419563891 | G12: 1.8001424e+10 | I12: 0 | K12: 0 | M12: 0 | O12: 0 | Q12: 363161 | S12: 51096 | U12: 15419563891 | W12: 1.8549232e+10 | Y12: =W12/'سرمایه گذاری ها '!$I$20*100 -> 0.27461086 | AA12: =C12+I12+M12-Q12 -> 0
A13: صندوق س. لبخند فارابی-د | C13: 12332825 | E13: 337205071434 | G13: 3.4988884e+11 | I13: 0 | K13: 0 | M13: -12110899 | O13: 349981081813 | Q13: 221926 | S13: 29280 | U13: 6067918152 | W13: 6.4955971e+09 | Y13: =W13/'سرمایه گذاری ها '!$I$20*100 -> 0.096163633 | AA13: =C13+I13+M13-Q13 -> 0
A14: صندوق س.درآمد ثابت کارآمد-د | C14: 55664494 | E14: 658659172496 | G14: 9.4344347e+11 | I14: 0 | K14: 0 | M14: -43069420 | O14: 750164848756 | Q14: 12595074 | S14: 17447 | U14: 149033260203 | W14: 2.1966522e+11 | Y14: =W14/'سرمایه گذاری ها '!$I$20*100 -> 3.2520191 | AA14: =C14+I14+M14-Q14 -> 0
A15: صندوق س. با درآمد ثابت کیان | C15: 0 | E15: 0 | G15: 0 | I15: 7082621 | K15: 750276548012 | M15: 0 | O15: 0 | Q15: 7082621 | S15: 105894 | U15: 750276548012 | W15: 7.497305e+11 | Y15: =W15/'سرمایه گذاری ها '!$I$20*100 -> 11.099335 | AA15: =C15+I15+M15-Q15 -> 0
E16: =SUM(E11:E15) -> 1022761987973 | G16: =SUM(G11:G15) -> 1.3227219e+12 | K16: =SUM(K11:K15) -> 750276548012 | O16: =SUM(O11:O15) -> 1111876137348 | U16: =SUM(U11:U15) -> 920797290258 | W16: =SUM(W11:W15) -> 9.9444056e+11 | Y16: =SUM(Y11:Y15) -> 14.722129
G18: 2015484271897 | W18: 1668030084105
G19: 273719808531 | W19: 318373775019
G20: =SUM(G18:G19) -> 2289204080428 | W20: =W18+W19 -> 1986403859124
G21: =G16-G20 -> -9.664822e+11 | W21: =W16-W20 -> -9.919633e+11
E24: 1625156626746 | G24: 1625156626746 | U24: 1625156626746 | W24: 1625156626746
E25: =E16-E24 -> -602394638773 | G25: 362353236174 | U25: =U16-U24 -> -704359336488 | W25: 409083518228
G26: =G16-G24-G25 -> -6.6478798e+11 | W26: =W16-W24-W25 -> -1.0397996e+12

Sheet سپرده
A1: =تیتر!B1 -> صندوق سرمایه گذاری املاک و مستغلات خانه آگاه
A2: =تیتر!B2 -> صورت وضعیت پورتفوی
A3: =تیتر!B3 -> برای ماه منتهی به 1405/04/31
A5: ‫1-4- سرمایه گذاری در سپرده های بانکی
C7: =تیتر!A5 -> 1404/03/31 | E7: ‫تغییرات طی دوره | I7: =تیتر!B5 -> 1405/04/31
A8: شرح | E8: ‫افزایش | G8: ‫کاهش
C9: مبلغ-ریال | E9: مبلغ-ریال | G9: مبلغ-ریال | I9: مبلغ-ریال | K9: درصد به کل دارایی ها
A10: بانک پاسارگاد | C10: 244353592345 | D10: 0 | E10: 2259874374106 | F10: 0 | G10: 1747348633256 | H10: 0 | I10: 756879333195 | K10: =I10/'سرمایه گذاری ها '!$I$20*100 -> 11.205169
A11: بانک خاورمیانه | C11: 24466163250 | E11: 15371497095 | G11: 36425579592 | I11: 3412080753 | K11: =I11/'سرمایه گذاری ها '!$I$20*100 -> 0.050513921
A12: بانک صادرات | C12: 19788455215 | E12: 4351464001 | G12: 19001260000 | I12: 5138659216 | K12: =I12/'سرمایه گذاری ها '!$I$20*100 -> 0.076074936
C13: =SUM(C10:C12) -> 288608210810 | E13: =SUM(E10:E12) -> 2279597335202 | G13: =SUM(G10:G12) -> 1802775472848 | H13: 0 | I13: =SUM(I10:I12) -> 765430073164 | K13: =SUM(K10:K12) -> 11.331758
C16: 271037061764 | I16: 164987419093
C17: =C13-C16 -> 17571149046 | I17: =I13-I16 -> 600442654071
I20: =C13+E13-G13-I13 -> 0

Sheet درآمدها
A1: =تیتر!B7 -> صندوق سرمایه گذاری املاک و مستغلات خانه آگاه
A2: =تیتر!B8 -> صورت وضعیت درآمدها
A3: =تیتر!B9 -> برای ماه منتهی به 1405/04/31
A6: ‫2- درآمد حاصل از سرمایه گذاری ها
E8: =تیتر!A11 -> طی تیر ماه
A9: ‫شرح | C9: ‫یادداشت | E9: ‫مبلغ- ریال | G9: ‫درصد از کل درآمدها | I9: ‫درصد از کل دارایی ها | J9: انباشته
A10: ‫درآمد حاصل از سرمایه گذاری در املاک و مستغلات | C10: 2-1 | E10: =+'درآمد سرمایه گذاری املاک'!G12 -> 4250000000 | G10: =E10/$E$15*100 -> 14.255382 | I10: =E10/'سرمایه گذاری ها '!$I$20*100 -> 0.06291884 | J10: ='درآمد سرمایه گذاری املاک'!O12 -> 4250000000 | K10: =J10/$J$15*100 -> 14.255382
A11: ‫درآمد حاصل از سرمایه گذاری در سهام و حق تقدم سهام | C11: 2-2 | E11: =+'درآمد سرمایه گذاری در سهام '!I17 -> -12844541397 | G11: =E11/$E$15*100 -> -43.083257 | I11: =E11/'سرمایه گذاری ها '!$I$20*100 -> -0.19015615 | J11: ='درآمد سرمایه گذاری در سهام '!S17 -> -12844541397 | K11: =J11/$J$15*100 -> -43.083257
A12: ‫درآمد حاصل از سرمایه گذاری در صندوق های سرمایه گذاری با درآمد ثابت | C12: 2-3 | E12: =+'درآمد سرمایه گذاری در صندوق'!I16 -> 33411267607 | G12: =E12/$E$15*100 -> 112.06832 | I12: =E12/'سرمایه گذاری ها '!$I$20*100 -> 0.49463487 | J12: ='درآمد سرمایه گذاری در صندوق'!S16 -> 33411267607 | K12: =J12/$J$15*100 -> 112.06832
A13: ‫درآمد حاصل از سرمایه گذاری در سپرده بانکی | C13: 2-4 | E13: =+'درآمد سپرده بانکی '!C13 -> 4353872043 | G13: =E13/$E$15*100 -> 14.60379 | I13: =E13/'سرمایه گذاری ها '!$I$20*100 -> 0.064456607 | J13: ='درآمد سپرده بانکی '!G13 -> 4353872043 | K13: =J13/$J$15*100 -> 14.60379
A14: ‫سایر درآمدها | C14: 2-5 | E14: =+'سایر درآمد ها'!C12 -> 642703345 | G14: =E14/$E$15*100 -> 2.1557604 | I14: =E14/'سرمایه گذاری ها '!$I$20*100 -> 0.0095148586 | J14: ='سایر درآمد ها'!E12 -> 642703345 | K14: =J14/$J$15*100 -> 2.1557604
E15: =SUM(E10:E14) -> 29813301598 | G15: =SUM(G10:G14) -> 100 | I15: =SUM(I10:I14) -> 0.44136903 | J15: =SUM(J10:J14) -> 29813301598
J16: 32000377258
E17: 32000377258 | J17: -2187075663
A18: کارمزد و مالیات معاملات | E18: -2187075663 | J18: 29813301595
E19: =SUM(E17:E18) -> 29813301595 | J19: =J15-J18 -> 3
E20: =E15-E19 -> 3

Sheet درآمد سرمایه گذاری املاک
A1: =تیتر!B7 -> صندوق سرمایه گذاری املاک و مستغلات خانه آگاه
A2: =تیتر!B8 -> صورت وضعیت درآمدها
A3: =تیتر!B9 -> برای ماه منتهی به 1405/04/31
A5: ‫2-1- درآمد حاصل از سرمایه گذاری در املاک و مستغلات:
C7: =+تیتر!A11 -> طی تیر ماه | K7: =تیتر!B11 -> از ابتدای سال مالی تا پایان تیر ماه 1405
A8: ‫سهام | C8: درآمد اجاره 2-1-1 | E8: درآمد فروش 2-1-2 | G8: ‫جمع مبلغ | I8: ‫درصد از کل درآمد ها | K8: =C8 -> درآمد اجاره 2-1-1 | M8: درآمد فروش 2-1-2 | O8: ‫جمع مبلغ | Q8: ‫درصد از کل درآمد ها
E9: ریال | G9: ریال | M9: ریال | O9: ریال | R9: -1
A10: ملک محوی | C10: 0 | E10: 0 | G10: =C10+E10 -> 0 | I10: =G10/درآمدها!$E$15*100 -> 0 | K10: 0 | M10: 0 | O10: =K10+M10 -> 0 | Q10: =O10/درآمدها!$J$15*100 -> 0
A11: مجتمع اداری سعادت آباد | C11: 4250000000 | E11: 0 | G11: =C11+E11 -> 4250000000 | I11: =G11/درآمدها!$E$15*100 -> 14.255382 | K11: 4250000000 | M11: 0 | O11: =K11+M11 -> 4250000000 | Q11: =O11/درآمدها!$J$15*100 -> 14.255382
C12: =SUM(C10:C11) -> 4250000000 | E12: =SUM(E10:E11) -> 0 | G12: =SUM(G10:G11) -> 4250000000 | I12: =SUM(I10:I11) -> 14.255382 | K12: =SUM(K10:K11) -> 4250000000 | M12: =SUM(M10:M11) -> 0 | O12: =SUM(O10:O11) -> 4250000000 | Q12: =SUM(Q10:Q11) -> 14.255382
G14: 4249999500 | K14: 39326829174 | M14: 385529075277
G15: =G11-G14 -> 500 | K15: =K12-K14 -> -35076829174 | M15: =M12-M14 -> -385529075277
C16: 4108332850 | E16: 40731571693 | K16: 43435162024 | M16: 426260646970
C17: =C12-C16 -> 141667150 | E17: =E12-E16 -> -40731571693 | K17: =K12-K16 -> -39185162024 | M17: =M12-M16 -> -426260646970
C20: 4391666150 | G20: 4391666150 | K20: 47826828154 | M20: 404211646970
C21: =C12-C20 -> -141666150 | G21: =G12-G20 -> -141666150 | K21: =K12-K20 -> -43576828154 | M21: =M12-M20 -> -404211646970
E24: 4343000000
E25: =-'درآمد سرمایه گذاری در صندوق'!C14 -> -93000000
E26: =SUM(E24:E25) -> 4250000000

Sheet درآمد فروش املاک
A1: =+تیتر!B1 -> صندوق سرمایه گذاری املاک و مستغلات خانه آگاه
A2: =+تیتر!B2 -> صورت وضعیت پورتفوی
A3: =+تیتر!B3 -> برای ماه منتهی به 1405/04/31
A5: 2-1-2‫سود(زیان) حاصل از فروش املاک و مستغلات
C7: =تیتر!A11 -> طی تیر ماه | K7: =تیتر!B11 -> از ابتدای سال مالی تا پایان تیر ماه 1405
A8: ‫شرح | C8: ‫تعداد | E8: ‫خالص ارزش فروش | G8: ‫ارزش دفتری | I8: ‫سود (زیان) ناخالص ناشی از فروش | K8: ‫تعداد | M8: ‫خالص ارزش فروش | O8: ‫ارزش دفتری | Q8: ‫سود (زیان) ناخالص ناشی از فروش
E9: ریال | G9: ریال | I9: ریال | M9: ریال | O9: ریال | Q9: ریال
A10: ملک محوی | E10: 0 | G10: 0 | I10: 0 | K10: 1 | M10: 0 | O10: 0 | Q10: 0
A11: مجتمع نونهالان | C11: - | E11: 0 | G11: 0 | I11: 0 | K11: 2 | M11: 0 | O11: 0 | Q11: 0
A12: مجتمع رازان | C12: - | E12: 0 | G12: 0 | I12: 0 | K12: 1 | M12: 0 | O12: 0 | Q12: 0
A13: مجتمع زرگنده | C13: 1 | E13: 0 | G13: 0 | I13: =E13+G13 -> 0 | K13: 1 | M13: 0 | O13: 0 | Q13: 0
A14: ملک پلور | C14: 1 | E14: 0 | G14: 0 | I14: =E14+G14 -> 0 | K14: 1 | M14: 0 | O14: 0 | Q14: 0
E15: =SUM(E10:E14) -> 0 | G15: =SUM(G10:G14) -> 0 | I15: =SUM(I10:I14) -> 0 | M15: =SUM(M10:M14) -> 0 | O15: =SUM(O10:O14) -> 0 | Q15: =SUM(Q10:Q14) -> 0
A18: ‫ارزش دفتری برابر است با میانگین موزون خالص ارزش فروش هر سهم/ورقه در ابتدای دوره با خرید طی دوره ضربدر تعداد در پایان دوره
Q19: 404211646970
Q20: =Q15-Q19 -> -404211646970

Sheet درآمد سرمایه گذاری در سهام 
A1: =تیتر!B7 -> صندوق سرمایه گذاری املاک و مستغلات خانه آگاه
A2: =تیتر!B8 -> صورت وضعیت درآمدها
A3: =تیتر!B9 -> برای ماه منتهی به 1405/04/31
A5: ‫2-2- درآمد حاصل از سرمایه گذاری در سهام و حق تقدم سهام:
C7: =تیتر!A11 -> طی تیر ماه | M7: =تیتر!B11 -> از ابتدای سال مالی تا پایان تیر ماه 1405
A8: ‫سهام | C8: ‫درآمد سود سهام 2-2-1 | E8: درآمد (هزینه) تغییر ارزش 2-2-2 | G8: درآمد فروش 2-2-3 | I8: ‫جمع مبلغ | K8: ‫درصد از کل درآمد ها | M8: ‫درآمد سود سهام 2-2-1 | O8: درآمد (هزینه) تغییر ارزش 2-2-2 | Q8: درآمد فروش 2-2-3 | S8: ‫جمع مبلغ | U8: ‫درصد از کل درآمد ها
C9: ریال | E9: ریال | G9: ریال | I9: ریال | M9: ریال | O9: ریال | Q9: ریال | S9: ریال | U9: درصد | W9: -1
A10: سرمایه گذاری مسکن شمال شرق | C10: 0 | E10: -17078663391 | G10: -1626112648 | I10: =C10+E10+G10 -> -18704776039 | K10: =I10/درآمدها!$E$15*100 -> -62.7397 | M10: 0 | O10: -17078663391 | Q10: -1626112648 | R10: -1626112648 | S10: =O10+Q10+M10 -> -18704776039 | T10: -42189159980 | U10: =S10/درآمدها!$J$15*100 -> -62.7397
A11: سرمایه گذاری مسکن پردیس | C11: 0 | E11: 358206841 | G11: 884340102 | I11: =C11+E11+G11 -> 1242546943 | K11: =I11/درآمدها!$E$15*100 -> 4.1677603 | M11: 0 | O11: 358206841 | Q11: 884340102 | R11: 884340102 | S11: =O11+Q11+M11 -> 1242546943 | U11: =S11/درآمدها!$J$15*100 -> 4.1677603
A12: بهساز کاشانه تهران | C12: 0 | E12: 0 | G12: 750412982 | I12: =C12+E12+G12 -> 750412982 | K12: =I12/درآمدها!$E$15*100 -> 2.5170409 | M12: 0 | O12: 0 | Q12: 750412982 | R12: 750412982 | S12: =O12+Q12+M12 -> 750412982 | T12: -3005939714 | U12: =S12/درآمدها!$J$15*100 -> 2.5170409
A13: بین‌المللی‌توسعه‌ساختمان | C13: 0 | E13: 1416961570 | G13: 6205063366 | I13: =C13+E13+G13 -> 7622024936 | K13: =I13/درآمدها!$E$15*100 -> 25.565853 | M13: 0 | O13: 1416961570 | Q13: 6205063366 | R13: 6205063366 | S13: =O13+Q13+M13 -> 7622024936 | U13: =S13/درآمدها!$J$15*100 -> 25.565853
A14: توسعه و عمران امید | C14: 0 | E14: -24692582 | G14: -205331628 | I14: =C14+E14+G14 -> -230024210 | K14: =I14/درآمدها!$E$15*100 -> -0.77154893 | M14: 0 | O14: -24692582 | Q14: -205331628 | R14: -205331628 | S14: =O14+Q14+M14 -> -230024210 | T14: -397206350 | U14: =S14/درآمدها!$J$15*100 -> -0.77154893
A15: سرمایه‌ گذاری‌ ساختمان‌ایران‌ | C15: 0 | E15: 242202520 | G15: 144223988 | I15: =C15+E15+G15 -> 386426508 | K15: =I15/درآمدها!$E$15*100 -> 1.2961547 | M15: 0 | O15: 242202520 | Q15: 144223988 | R15: 144223988 | S15: =O15+Q15+M15 -> 386426508 | T15: -1095409092 | U15: =S15/درآمدها!$J$15*100 -> 1.2961547
A16: عمران‌وتوسعه‌فارس‌ | C16: 0 | E16: -3911152517 | G16: 0 | I16: =C16+E16+G16 -> -3911152517 | K16: =I16/درآمدها!$E$15*100 -> -13.118817 | M16: 0 | O16: -3911152517 | Q16: 0 | R16: 0 | S16: =O16+Q16+M16 -> -3911152517 | U16: =S16/درآمدها!$J$15*100 -> -13.118817
C17: =SUM(C10:C16) -> 0 | E17: =SUM(E10:E16) -> -18997137559 | G17: =SUM(G10:G16) -> 6152596162 | I17: =SUM(I10:I16) -> -12844541397 | K17: =SUM(K10:K16) -> -43.083257 | M17: =SUM(M10:M16) -> 0 | O17: =SUM(O10:O16) -> -18997137559 | Q17: =SUM(Q10:Q16) -> 6152596162 | S17: =SUM(S10:S16) -> -12844541397 | U17: =SUM(U10:U16) -> -43.083257
C22: 93000000

Sheet درآمد سود سهام
A1: =تیتر!B7 -> صندوق سرمایه گذاری املاک و مستغلات خانه آگاه
A2: =تیتر!B8 -> صورت وضعیت درآمدها
A3: =تیتر!B9 -> برای ماه منتهی به 1405/04/31
A5: 2-2-1‫درآمد سود سهام
C7: ‫اطلاعات مجمع | I7: =تیتر!A11 -> طی تیر ماه | O7: =تیتر!B11 -> از ابتدای سال مالی تا پایان تیر ماه 1405
A8: ‫نام سهام | C8: ‫تاریخ تشکیل مجمع | E8: ‫تعداد سهام متعلقه در زمان مجمع | G8: ‫سود متعلق به هر سهم | I8: ‫جمع درآمد سود سهام | K8: ‫هزینه تنزیل | M8: ‫خالص درآمد سود سهام | O8: ‫جمع درآمد سود سهام | Q8: ‫هزینه تنزیل | S8: ‫خالص درآمد سود سهام
G9: ریال | I9: ریال | K9: ریال | M9: ریال | O9: ریال | Q9: ریال | S9: ریال | T9: -1
A10: بین‌المللی‌توسعه‌ساختمان | C10: 1404/10/10 | E10: 62998564 | G10: 90 | I10: 0 | K10: 0 | M10: =I10+K10 -> 0 | O10: =K10+M10 -> 0 | Q10: =M10+O10 -> 0 | S10: =O10+Q10 -> 0
A11: سرمایه گذاری مسکن پردیس | C11: 1404/09/30 | E11: 3894288 | G11: 75 | I11: 0 | K11: 0 | M11: =I11+K11 -> 0 | O11: =K11+M11 -> 0 | Q11: =M11+O11 -> 0 | S11: =O11+Q11 -> 0
A12: سرمایه گذاری مسکن شمال شرق | C12: 1404/09/12 | E12: 200000 | G12: 240 | I12: 0 | K12: 0 | M12: =I12+K12 -> 0 | O12: =K12+M12 -> 0 | Q12: =M12+O12 -> 0 | S12: =O12+Q12 -> 0
A13: بهساز کاشانه تهران | C13: 1405/01/31 | E13: 27895011 | G13: 323 | I13: 0 | K13: 0 | M13: =I13+K13 -> 0 | O13: =K13+M13 -> 0 | Q13: =M13+O13 -> 0 | S13: =O13+Q13 -> 0
I14: =SUM(I10:I13) -> 0 | K14: =SUM(K10:K13) -> 0 | M14: =SUM(M10:M13) -> 0 | O14: =SUM(O10:O13) -> 0 | Q14: =SUM(Q10:Q13) -> 0 | S14: =SUM(S10:S13) -> 0
O16: ='درآمد سرمایه گذاری در سهام '!M17 -> 0
O17: =O14-O16 -> 0

Sheet درآمد سرمایه گذاری در صندوق
A1: =تیتر!B7 -> صندوق سرمایه گذاری املاک و مستغلات خانه آگاه
A2: =تیتر!B8 -> صورت وضعیت درآمدها
A3: =تیتر!B9 -> برای ماه منتهی به 1405/04/31
A5: ‫2-3- درآمد حاصل از سرمایه گذاری در صندوق های سرمایه گذاری
C7: =تیتر!A11 -> طی تیر ماه | O7: =تیتر!B11 -> از ابتدای سال مالی تا پایان تیر ماه 1405
A8: نام اوراق | C8: درآمد سود صندوق 2-3-1 | E8: درآمد (هزینه) تغییر ارزش 2-3-2 | G8: درآمد فروش 2-3-3 | I8: ‫جمع | K8: ‫درصد از کل درآمد ها | M8: =C8 -> درآمد سود صندوق 2-3-1 | O8: درآمد (هزینه) تغییر ارزش 2-3-2 | Q8: درآمد فروش 2-3-3 | S8: ‫جمع | U8: ‫درصد از کل درآمد ها
C9: ریال | E9: ریال | G9: ریال | I9: ریال | M9: ریال | O9: ریال | Q9: ریال | S9: ریال
A10: صندوق ص.س.املاک و مستغلات مالک آتیه | C10: 0 | E10: 0 | G10: 342062199 | I10: =C10+E10+G10 -> 342062199 | K10: =I10/درآمدها!$E$15*100 -> 1.1473476 | M10: 0 | O10: 0 | Q10: 342062199 | S10: =M10+O10+Q10 -> 342062199 | U10: =S10/درآمدها!$J$15*100 -> 1.1473476
A11: صندوق س. لبخند فارابی-د | C11: 0 | E11: 199437903 | G11: 6388403832 | I11: =C11+E11+G11 -> 6587841735 | K11: =I11/درآمدها!$E$15*100 -> 22.096988 | M11: 0 | O11: 199437903 | Q11: 6388403832 | S11: =M11+O11+Q11 -> 6587841735 | U11: =S11/درآمدها!$J$15*100 -> 22.096988
A12: صندوق س.درآمد ثابت کارآمد-د | C12: 0 | E12: 3670089961 | G12: 22716510786 | I12: =C12+E12+G12 -> 26386600747 | K12: =I12/درآمدها!$E$15*100 -> 88.506134 | M12: 0 | O12: 3670089961 | Q12: 22716510786 | S12: =M12+O12+Q12 -> 26386600747 | U12: =S12/درآمدها!$J$15*100 -> 88.506134
A13: صندوق س افرا نماد پایدار-ثابت | C13: 0 | E13: 547807870 | G13: 0 | I13: =C13+E13+G13 -> 547807870 | K13: =I13/درآمدها!$E$15*100 -> 1.8374613 | M13: 0 | O13: 547807870 | Q13: 0 | S13: =M13+O13+Q13 -> 547807870 | U13: =S13/درآمدها!$J$15*100 -> 1.8374613
A14: صندوق املاک ومستغلات ارزش مسکن (ارزش مسکن1) | C14: 93000000 | I14: =C14+E14+G14 -> 93000000 | K14: =I14/درآمدها!$E$15*100 -> 0.3119413 | M14: 93000000 | S14: =M14+O14+Q14 -> 93000000 | U14: =S14/درآمدها!$J$15*100 -> 0.3119413
A15: صندوق س. با درآمد ثابت کیان | C15: 0 | E15: -546044944 | G15: 0 | I15: =C15+E15+G15 -> -546044944 | K15: =I15/درآمدها!$E$15*100 -> -1.831548 | M15: 0 | O15: -546044944 | Q15: 0 | S15: =M15+O15+Q15 -> -546044944 | U15: =S15/درآمدها!$J$15*100 -> -1.831548
C16: =SUM(C10:C15) -> 93000000 | E16: =SUM(E10:E15) -> 3871290790 | G16: =SUM(G10:G15) -> 29446976817 | I16: =SUM(I10:I15) -> 33411267607 | K16: =SUM(K10:K15) -> 112.06832 | M16: =SUM(M10:M15) -> 93000000 | O16: =SUM(O10:O15) -> 3871290790 | Q16: =SUM(Q10:Q15) -> 29446976817 | S16: =SUM(S10:S15) -> 33411267607 | U16: =SUM(U10:U15) -> 112.06832
C18: 88807680 | E18: 44653966488 | G18: 13266040322
C19: =C16-C18 -> 4192320 | E19: =E16-E18 -> -40782675698
E20: 46730282054 | M20: 8995035123 | O20: 380633343785
E21: =E16-E20 -> -42858991264 | M21: =M16-M20 -> -8902035123 | O21: =O16-O20 -> -376762052995

Sheet درآمد سود صندوق
A1: صندوق سرمایه گذاری املاک و مستغلات خانه آگاه
A2: صورت وضعیت درآمدها
A3: برای ماه منتهی به 1405/03/31
A5: 2-3-1 درآمد سود صندوق
I6: =تیتر!A11 -> طی تیر ماه | K6: =تیتر!B11 -> از ابتدای سال مالی تا پایان تیر ماه 1405
A7: نام صندوق | C7: تاریخ تقسیم سود | E7: تعداد واحد صندوق در زمان تقسیم سود | G7: سود متعلق به هر واحد | I7: خالص درآمد سود صندوق | K7: خالص درآمد سود صندوق
A8: صندوق املاک و مستغلات مالک آتیه (مالک آتیه1) | C8: 1405/03/16 | E8: 4548096 | G8: 1283 | I8: 0 | K8: 0
A9: جـــمـــع | I9: 0 | K9: 0

Sheet درآمد سپرده بانکی 
A1: =تیتر!B7 -> صندوق سرمایه گذاری املاک و مستغلات خانه آگاه
A2: =تیتر!B8 -> صورت وضعیت درآمدها
A3: =تیتر!B9 -> برای ماه منتهی به 1405/04/31
A5: ‫2-4- درآمد حاصل از سرمایه گذاری در سپرده بانکی و گواهی سپرده:
C7: =تیتر!A11 -> طی تیر ماه | G7: =تیتر!B11 -> از ابتدای سال مالی تا پایان تیر ماه 1405
A8: ‫نام سپرده | C8: ‫سود سپرده بانکی و گواهی سپرده 2-4-1 | E8: ‫درصد سود به میانگین سپرده | G8: =+C8 -> ‫سود سپرده بانکی و گواهی سپرده 2-4-1 | I8: ‫درصد سود به میانگین سپرده
C9: ریال | G9: ریال
A10: صادرات | C10: 4351464001 | E10: =C10/$C$13*100 -> 99.944692 | G10: 4351464001 | I10: =G10/$G$13*100 -> 99.944692
A11: پاسارگاد | C11: 1069765 | E11: =C11/$C$13*100 -> 0.024570428 | G11: 1069765 | I11: =G11/$G$13*100 -> 0.024570428 | J11: 0
A12: خاورمیانه | C12: 1338277 | E12: =C12/$C$13*100 -> 0.030737628 | G12: 1338277 | I12: =G12/$G$13*100 -> 0.030737628
C13: =SUM(C10:C12) -> 4353872043 | E13: =SUM(E10:E12) -> 100 | G13: =SUM(G10:G12) -> 4353872043 | I13: =SUM(I10:I12) -> 100
C15: 1541525069 | G15: 12035684364
C16: =C13-C15 -> 2812346974 | G16: =G13-G15 -> -7681812321

Sheet سایر درآمد ها
A1: =تیتر!B7 -> صندوق سرمایه گذاری املاک و مستغلات خانه آگاه
A2: =تیتر!B8 -> صورت وضعیت درآمدها
A3: =تیتر!B9 -> برای ماه منتهی به 1405/04/31
A6: ‫2-5- سایر درآمدها:
C8: =تیتر!A11 -> طی تیر ماه | E8: =تیتر!B11 -> از ابتدای سال مالی تا پایان تیر ماه 1405
C9: ریال | E9: ریال
A10: تعدیل سود سهام | C10: 179940170 | E10: 179940170
A11: تعديل کارمزدکارگزاری | C11: 462763175 | E11: 462763175
C12: =SUM(C10:C11) -> 642703345 | E12: =SUM(E10:E11) -> 642703345

Sheet درآمد فروش سهام
A1: =تیتر!B7 -> صندوق سرمایه گذاری املاک و مستغلات خانه آگاه
A2: =تیتر!B8 -> صورت وضعیت درآمدها
A3: =تیتر!B9 -> برای ماه منتهی به 1405/04/31
A5: 2-2-3‫سود(زیان) حاصل از فروش سهام و حق تقدم سهام
C7: =تیتر!A11 -> طی تیر ماه | K7: =تیتر!B11 -> از ابتدای سال مالی تا پایان تیر ماه 1405
A8: ‫شرح | C8: ‫تعداد | E8: ‫خالص ارزش فروش | G8: ‫ارزش دفتری | I8: ‫سود (زیان) ناشی از فروش | K8: ‫تعداد | M8: ‫خالص ارزش فروش | O8: ‫ارزش دفتری | Q8: ‫سود (زیان) ناشی از فروش
E9: ریال | G9: ریال | I9: ریال | M9: ریال | O9: ریال | Q9: ریال
A10: سرمایه گذاری مسکن شمال شرق | C10: 1445844 | E10: 27095933262 | G10: -28722045910 | I10: =E10+G10 -> -1626112648 | K10: 1445844 | M10: 27095933262 | O10: -28722045910 | Q10: =M10+O10 -> -1626112648 | R10: -1
A11: سرمایه گذاری مسکن پردیس | C11: 4347460 | E11: 13407458653 | G11: -12523118551 | I11: =E11+G11 -> 884340102 | K11: 4347460 | M11: 13407458653 | O11: -12523118551 | Q11: =M11+O11 -> 884340102
A12: بهساز کاشانه تهران | C12: 79088584 | E12: 121090365336 | G12: -120339952354 | I12: =E12+G12 -> 750412982 | K12: 79088584 | M12: 121090365336 | O12: -120339952354 | Q12: =M12+O12 -> 750412982
A13: صندوق ص.س.املاک و مستغلات مالک آتیه | C13: 972120 | E13: 11730206779 | G13: -11388144580 | I13: =E13+G13 -> 342062199 | K13: 972120 | M13: 11730206779 | O13: -11388144580 | Q13: =M13+O13 -> 342062199
A14: بین‌المللی‌توسعه‌ساختمان | C14: 91961793 | E14: 53473044257 | G14: -47267980891 | I14: =E14+G14 -> 6205063366 | K14: 91961793 | M14: 53473044257 | O14: -47267980891 | Q14: =M14+O14 -> 6205063366
A15: صندوق س. لبخند فارابی-د | C15: 12110899 | E15: 349981081813 | G15: -343592677981 | I15: =E15+G15 -> 6388403832 | K15: 12110899 | M15: 349981081813 | O15: -343592677981 | Q15: =M15+O15 -> 6388403832
A16: توسعه و عمران امید | C16: 5740259 | E16: 8042312452 | G16: -8247644080 | I16: =E16+G16 -> -205331628 | K16: 5740259 | M16: 8042312452 | O16: -8247644080 | Q16: =M16+O16 -> -205331628
A17: سرمایه‌ گذاری‌ ساختمان‌ایران‌ | C17: 3533570 | E17: 4996881594 | G17: -4852657606 | I17: =E17+G17 -> 144223988 | K17: 3533570 | M17: 4996881594 | O17: -4852657606 | Q17: =M17+O17 -> 144223988
A18: صندوق س.درآمد ثابت کارآمد-د | C18: 43069420 | E18: 750164848756 | G18: -727448337970 | I18: =E18+G18 -> 22716510786 | K18: 43069420 | M18: 750164848756 | O18: -727448337970 | Q18: =M18+O18 -> 22716510786
E19: =SUM(E10:E18) -> 1339982132902 | G19: =SUM(G10:G18) -> -1304382559923 | I19: =SUM(I10:I18) -> 35599572979 | M19: =SUM(M10:M18) -> 1339982132902 | O19: =SUM(O10:O18) -> -1304382559923 | Q19: =SUM(Q10:Q18) -> 35599572979
A22: ‫ارزش دفتری برابر است با میانگین موزون خالص ارزش فروش هر سهم/ورقه در ابتدای دوره با خرید طی دوره ضربدر تعداد در پایان دوره
I23: ='درآمد سرمایه گذاری در سهام '!G17+'درآمد سرمایه گذاری در صندوق'!G16 -> 35599572979 | Q23: ='درآمد سرمایه گذاری در سهام '!Q17+'درآمد سرمایه گذاری در صندوق'!Q16 -> 35599572979
I24: =I19-I23 -> 0 | Q24: =Q19-Q23 -> 0
I27: ='درآمد سرمایه گذاری در سهام '!G17+'درآمد سرمایه گذاری در صندوق'!G16 -> 35599572979 | Q27: ='درآمد سرمایه گذاری در سهام '!G17+'درآمد سرمایه گذاری در صندوق'!Q16 -> 35599572979
I28: =I19-I27 -> 0 | Q28: =Q19-Q27 -> 0

Sheet درآمد تغییر قیمت
A1: =تیتر!B7 -> صندوق سرمایه گذاری املاک و مستغلات خانه آگاه
A2: =تیتر!B8 -> صورت وضعیت درآمدها
A3: =تیتر!B9 -> برای ماه منتهی به 1405/04/31
A5: ‫2-2-2درآمد ناشی از تغییر قیمت سهام و حق تقدم
C7: =تیتر!A11 -> طی تیر ماه | K7: =تیتر!B11 -> از ابتدای سال مالی تا پایان تیر ماه 1405
A8: ‫شرح | C8: ‫تعداد | E8: ‫خالص ارزش فروش | G8: ‫ارزش دفتری | I8: ‫سود ( زیان) ناشی از تغییر قیمت | K8: ‫تعداد | M8: ‫خالص ارزش فروش | O8: ‫ارزش دفتری | Q8: ‫سود ( زیان) ناشی از تغییر قیمت | T8: -1
E9: ریال | G9: ریال | I9: ریال | M9: ریال | O9: ریال | Q9: ریال
A10: توسعه و عمران امید | C10: 802740 | E10: 1128689839 | G10: -1153382422 | I10: =G10+E10 -> -24692583 | K10: 802740 | M10: 1128689839 | O10: -1153382422 | Q10: =O10+M10 -> -24692583 | S10: =VLOOKUP(A10,صندوق!A11:Q15,17,0)-K10 -> #N/A
A11: صندوق س افرا نماد پایدار-ثابت | C11: 363161 | E11: 18549231903 | G11: -18001424033 | I11: =G11+E11 -> 547807870 | K11: 363161 | M11: 18549231903 | O11: -18001424033 | Q11: =O11+M11 -> 547807870 | S11: =VLOOKUP(A11,صندوق!A12:Q16,17,0)-K11 -> 0
A12: صندوق س.درآمد ثابت کارآمد-د | C12: 12595074 | E12: 219665224646 | G12: -215995134685 | I12: =G12+E12 -> 3670089961 | K12: 12595074 | M12: 219665224646 | O12: -215995134685 | Q12: =O12+M12 -> 3670089961 | S12: =صندوق!Q11-K12 -> -12595074
A13: بین‌المللی‌توسعه‌ساختمان | C13: 21000000 | E13: 12210874620 | G13: -10793913049 | I13: =G13+E13 -> 1416961571 | K13: 21000000 | M13: 12210874620 | O13: -10793913049 | Q13: =O13+M13 -> 1416961571 | S13: =VLOOKUP(A13,صندوق!A14:Q18,17,0)-K13 -> #N/A
A14: سرمایه‌ گذاری‌ ساختمان‌ایران‌ | C14: 3874434 | E14: 5562969252 | G14: -5320766732 | I14: =G14+E14 -> 242202520 | K14: 3874434 | M14: 5562969252 | O14: -5320766732 | Q14: =O14+M14 -> 242202520
A15: صندوق س. لبخند فارابی-د | C15: 221926 | E15: 6495597144 | G15: -6296159241 | I15: =G15+E15 -> 199437903 | K15: 221926 | M15: 6495597144 | O15: -6296159241 | Q15: =O15+M15 -> 199437903
A16: عمران‌وتوسعه‌فارس‌ | C16: 8044125 | E16: 98976104530 | G16: -102887257048 | I16: =G16+E16 -> -3911152518 | K16: 8044125 | M16: 98976104530 | O16: -102887257048 | Q16: =O16+M16 -> -3911152518 | S16: =VLOOKUP(A16,'سرمایه گذاری در سهام (2)'!A12:Q18,17,0)-K16 -> 0
A17: سرمایه گذاری مسکن شمال شرق | C17: 3701443 | E17: 56451410097 | G17: -73530073489 | I17: =G17+E17 -> -17078663392 | K17: 3701443 | M17: 56451410097 | O17: -73530073489 | Q17: =O17+M17 -> -17078663392 | S17: =VLOOKUP(A17,'سرمایه گذاری در سهام (2)'!A13:Q19,17,0)-K17 -> 0
A18: صندوق س. با درآمد ثابت کیان | C18: 7082621 | E18: 749730503067 | G18: -750276548012 | I18: =G18+E18 -> -546044945 | K18: 7082621 | M18: 749730503067 | O18: -750276548012 | Q18: =O18+M18 -> -546044945 | S18: =55790022-K18 -> 48707401
A19: سرمایه گذاری مسکن پردیس | C19: 1426867 | E19: 4468382575 | G19: -4110175734 | I19: =G19+E19 -> 358206841 | K19: 1426867 | M19: 4468382575 | O19: -4110175734 | Q19: =O19+M19 -> 358206841 | S19: =VLOOKUP(A19,'سرمایه گذاری در سهام (2)'!A15:Q21,17,0)-K19 -> 0
E20: =SUM(E10:E19) -> 1173238987673 | G20: =SUM(G10:G19) -> -1188364834445 | I20: =SUM(I10:I19) -> -15125846772 | M20: =SUM(M10:M19) -> 1173238987673 | O20: =SUM(O10:O19) -> -1188364834445 | Q20: =SUM(Q10:Q19) -> -15125846772
I22: ='درآمد سرمایه گذاری در سهام '!E17+'درآمد سرمایه گذاری در صندوق'!E16 -> -15125846769 | Q22: ='درآمد سرمایه گذاری در سهام '!O17+'درآمد سرمایه گذاری در صندوق'!O16 -> -15125846769
I23: =I20-I22 -> -3 | Q23: =Q20-Q22 -> -3
I24: ='درآمد سرمایه گذاری در سهام '!E17+'درآمد سرمایه گذاری در صندوق'!E16 -> -15125846769 | Q24: ='درآمد سرمایه گذاری در سهام '!O17+'درآمد سرمایه گذاری در صندوق'!O16 -> -15125846769
I25: =I20-I24 -> -3 | Q25: =Q20-Q24 -> -3

Sheet درآمد سپرده بانکی  (2)
A1: =تیتر!B7 -> صندوق سرمایه گذاری املاک و مستغلات خانه آگاه
A2: =تیتر!B8 -> صورت وضعیت درآمدها
A3: =تیتر!B9 -> برای ماه منتهی به 1405/04/31
A5: ‫2-4-1- درآمد حاصل از سرمایه گذاری در سپرده بانکی و گواهی سپرده:
C7: =تیتر!A11 -> طی تیر ماه | I7: =تیتر!B11 -> از ابتدای سال مالی تا پایان تیر ماه 1405
A8: ‫نام سپرده | C8: ‫درآمد سود | E8: ‫هزینه تنزیل | G8: ‫خالص درآمد | I8: ‫درآمد سود | K8: ‫هزینه تنزیل | M8: ‫خالص درآمد
C9: ریال | E9: ریال | G9: ریال | I9: ریال | K9: ریال | M9: ریال
A10: صادرات | C10: 4351464001 | E10: 0 | G10: =C10+E10 -> 4351464001 | I10: 4351464001 | K10: 0 | M10: =I10+K10 -> 4351464001
A11: پاسارگاد | C11: 1069765 | E11: 0 | G11: =C11+E11 -> 1069765 | I11: 1069765 | K11: 0 | M11: =I11+K11 -> 1069765
A12: خاورمیانه | C12: 1338277 | E12: 0 | G12: =C12+E12 -> 1338277 | I12: 1338277 | K12: 0 | M12: =I12+K12 -> 1338277
C13: =SUM(C10:C12) -> 4353872043 | E13: =SUM(E10:E12) -> 0 | G13: =SUM(G10:G12) -> 4353872043 | I13: =SUM(I10:I12) -> 4353872043 | K13: =SUM(K10:K12) -> 0 | M13: =SUM(M10:M12) -> 4353872043
G15: ='درآمد سپرده بانکی '!C13 -> 4353872043 | M15: ='درآمد سپرده بانکی '!G13 -> 4353872043
G16: =G13-G15 -> 0 | M16: =M13-M15 -> 0
